cve_ageb,ubica_geo,records,points,nse,est_socio
001-0,070060040,117768,63.10551071166992,D,1.1804225
001-2,070140003,129770,66.39855194091797,D,1.5318949
001-3,201350001,54894,55.850929260253906,D,1.0235909
001-4,060030037,109034,54.51694107055664,D,1.053011
001-5,211780013,81567,53.24838638305664,D,1.0
001-6,301910009,69955,93.1490249633789,D+,2.0
001-7,040110001,92147,62.9901123046875,D,1.6771029
001-8,120790001,213658,62.93607711791992,D,1.3242565
001-9,040090001,106417,45.70936965942383,D,1.0821297
001-A,060010045,44595,66.0060806274414,D,1.9029263
002-0,130270036,54416,62.55128860473633,D,1.0508122
002-1,070210002,73626,72.6697769165039,D,1.6721946
002-2,130770001,9305,94.75711822509766,D+,2.0
002-3,180110010,131682,77.10344696044922,D,2.0
002-4,203330007,7520,41.0,D,1.0
002-5,010070040,115635,53.83415985107422,D,1.2435508
002-6,070230008,52074,40.004608154296875,D,1.0
002-7,130630014,89500,80.38665771484375,D+,1.6125698
002-8,070940133,135375,57.286529541015625,D,1.5391468
002-9,070220019,63796,59.31299591064453,D,1.3958085
002-A,220060001,28117,83.34310150146484,D+,2.154533
003-0,204850001,29985,50.059661865234375,D,1.2596298
003-1,190410063,81029,86.42585754394531,D+,1.7695023
003-2,020040001,10540,93.39459228515625,D+,2.7537951
003-4,010090008,56364,73.77336883544922,D,1.682794
003-5,010050475,26687,84.81878662109375,D+,1.4745756
003-6,130230001,55362,84.65510559082031,D+,1.5906578
003-7,301310001,72962,72.05723571777344,D,1.1828349
003-8,010040032,69067,56.92756271362305,D,1.152895
003-9,060010234,46776,68.29773712158203,D,1.133188
003-A,170160005,9756,78.27777862548828,D,1.0
004-0,130230001,45830,88.54666900634766,D+,1.8244599
004-1,040020001,13788,74.01348876953125,D,1.2581955
004-3,060010308,63373,55.776214599609375,D,1.2190207
004-4,204730001,40440,73.05046844482422,D,1.4080119
004-5,170070001,24792,57.75540542602539,D,1.4614391
004-6,161120018,130883,66.0449447631836,D,1.3317084
004-7,160850009,24948,81.75115966796875,D+,2.0
004-9,040030001,5762,104.64057922363281,D+,2.4069767
004-A,130110009,114957,72.73954772949219,D,1.6244944
005-0,300940013,29117,67.81818389892578,D,1.0
005-1,050350001,130770,72.09717559814453,D,1.6591649
005-2,070010001,73877,67.44986724853516,D,1.5566415
005-3,240390001,24736,85.3125,D+,2.0
005-4,100380008,64175,74.68490600585938,D,1.2577795
005-5,204410001,53340,53.54999923706055,D,1.0
005-6,070750034,98112,55.77387237548828,D,1.5211799
005-7,170080005,55534,71.6051254272461,D,1.3586272
005-8,210830028,103289,66.72867584228516,D,1.1463951
005-9,204730001,102421,46.331974029541016,D,1.1293485
005-A,130300143,47136,92.87667846679688,D+,2.0257127
006-0,070750013,69387,50.14971160888672,D,1.2022713
006-2,200590124,41390,81.8929214477539,D+,1.4397198
006-3,270100005,72674,68.90351104736328,D,1.3095467
006-4,150370071,65584,76.81704711914062,D,1.9878477
006-5,250010001,16252,90.25658416748047,D+,2.2238493
006-6,050350001,45534,60.320465087890625,D,1.4395837
006-7,090080001,60885,95.75737762451172,D+,2.1318552
006-9,170140001,44163,103.22640991210938,D+,1.9426217
006-A,170050001,15900,65.90603637695312,D,2.0
007-0,110210017,37964,87.17405700683594,D+,1.3370562
007-1,180040001,6200,123.0999984741211,C-,3.0
007-2,140130101,48606,75.70094299316406,D,2.0
007-3,060060001,87129,88.46510314941406,D+,2.083279
007-4,170310001,24555,87.15695190429688,D+,1.556628
007-5,270060072,4518,65.5,D,1.0
007-6,160410031,29920,66.94999694824219,D,2.0
007-7,110260074,54951,72.41671752929688,D,2.0
007-8,141130060,180074,70.2510986328125,D,1.5477637
007-9,010030055,82186,59.16084289550781,D,1.1492468
007-A,270080232,5526,60.5,D,1.0
008-0,060100001,25375,84.49808502197266,D+,2.1400986
008-1,210830087,52517,56.157493591308594,D,1.0437953
008-2,110010228,82701,68.81217956542969,D,2.0
008-3,151180001,65483,77.45309448242188,D,2.3315518
008-4,230050001,12508,111.83378601074219,C-,2.289095
008-5,010060001,49280,102.84078979492188,D+,2.4069805
008-7,140130023,123973,70.59172821044922,D,1.4706428
008-8,202780029,91351,53.063533782958984,D,1.0348108
008-9,170050001,18360,96.41851806640625,D+,2.0
008-A,130770001,34590,86.5438003540039,D+,2.0
009-0,211190001,9755,142.60000610351562,C,4.0
009-3,211180001,45252,89.77777862548828,D+,2.0
009-5,060100001,1820,87.0,D+,3.0
009-6,210410008,64876,82.28740692138672,D+,2.1940317
009-9,150330001,24542,84.31741333007812,D+,2.097873
009-A,290420001,2440,92.5,D+,2.0
010-1,130840171,123588,75.01502227783203,D,1.9260851
010-2,180080001,2725,122.19999694824219,C-,3.0
010-3,130500001,83752,78.92178344726562,D,1.5723684
010-4,220110053,14598,75.0,D,2.0
010-5,090160001,62955,111.75209045410156,C-,2.5816376
010-7,240220023,15130,72.77005767822266,D,1.6569729
010-9,060010001,101942,82.70714569091797,D+,1.8185047
010-A,220040095,28408,87.01119232177734,D+,1.2571107
011-1,160500135,74168,54.47795486450195,D,1.2837073
011-3,070780078,28390,38.117645263671875,D,1.0
011-5,150580001,20155,92.0,D+,2.0
011-6,070090046,94419,68.25495147705078,D,1.4571855
011-7,090170001,72550,81.71578216552734,D+,2.1914265
011-A,110200001,12984,205.0,AB,4.0
012-0,110300080,105349,66.60874938964844,D,1.5901053
012-1,020040001,53896,81.51976013183594,D+,2.0
012-2,110070001,39078,121.1286392211914,C-,2.7140846
012-4,280380001,110099,94.94833374023438,D+,2.1522086
012-6,180150013,50515,88.1861801147461,D+,2.0
012-7,060100001,2780,97.12913513183594,D+,3.0
012-8,090060001,17440,118.19999694824219,C-,3.0
012-9,270100001,21320,104.0345230102539,D+,2.30924
012-A,140180001,57259,89.89229583740234,D+,1.9167641
013-1,170080001,11178,88.235107421875,D+,2.7094293
013-2,080600001,43733,117.2008056640625,C-,2.257517
013-3,110010001,69453,84.88687133789062,D+,2.0
013-4,090140001,31500,106.55238342285156,C-,2.5053968
013-5,140350406,21993,89.25717163085938,D+,1.7611967
013-7,205700001,34610,80.01577758789062,D+,1.7021092
013-8,090040001,14288,130.75,C,3.0
013-9,310400001,23826,87.84210205078125,D+,2.0
014-0,270040001,15140,69.56935119628906,D,2.0
014-1,290280001,19146,82.6113052368164,D+,1.1613914
014-3,150230001,38071,92.40154266357422,D+,2.226314
014-4,110270001,18472,72.24978637695312,D,2.0
014-5,220050001,40015,107.44747924804688,C-,2.3105085
014-6,060100001,18406,115.50516510009766,C-,2.2106922
014-7,170040042,16596,47.38888931274414,D,1.0
014-8,070270001,36447,94.82048034667969,D+,2.2995033
014-9,150580001,22853,75.01102447509766,D,2.0
014-A,151090025,26008,117.25,C-,3.0
015-1,210150001,13172,112.91747283935547,C-,2.0
015-5,311010006,14904,45.27777862548828,D,1.0
015-6,030090001,7480,87.80000305175781,D+,2.0
015-7,220060001,5985,156.1999969482422,C+,4.0
015-8,010050001,98744,90.60945129394531,D+,2.0
015-9,203970001,32547,86.63157653808594,D+,2.0
015-A,150310001,44160,81.70640563964844,D+,2.0
016-1,220060001,50946,77.14603424072266,D,1.1720645
016-2,050130001,45687,99.72633361816406,D+,2.2143936
016-3,280340091,23030,58.0,D,1.0
016-4,071140012,55944,56.9762077331543,D,1.334674
016-5,110140340,43624,67.2631607055664,D,1.0
016-6,170040049,12624,99.625,D+,2.0
016-7,300440001,12210,60.0,D,2.0
016-9,140350416,61180,78.03974914550781,D,1.7404708
016-A,070890001,26196,108.6794204711914,C-,2.0
017-0,150810019,31025,100.4000015258789,D+,3.0
017-1,040010007,7360,48.900001525878906,D,1.0
017-2,270170078,7560,55.349998474121094,D,1.0
017-4,090170001,19810,83.3052978515625,D+,2.1342757
017-5,141240001,54672,107.9621353149414,C-,2.9333847
017-6,090040001,21488,116.75,C-,3.0
017-8,120300005,55813,41.985130310058594,D,1.0
017-9,130770080,25808,89.5,D+,1.0
017-A,090150001,25828,113.25077056884766,C-,2.8133807
018-0,100050001,102407,49.02914810180664,D,1.0850723
018-2,040110344,65784,122.92759704589844,C-,2.731941
018-3,090030001,49085,132.04119873046875,C,3.0788429
018-4,240130126,23009,65.7368392944336,D,1.0
018-5,301290001,84360,84.5,D+,2.0
018-6,290430008,1465,113.19999694824219,C-,2.0
018-7,060040001,95888,92.68230438232422,D+,1.8183819
018-8,150330001,62239,96.4254379272461,D+,2.0788734
018-9,060070001,1300,100.5,D+,2.0
018-A,180040112,19096,93.22077941894531,D+,2.5324676
019-0,270050001,8762,136.72335815429688,C,2.6861448
019-1,070650153,219337,63.89332962036133,D,1.49832
019-2,290250001,12807,75.81986236572266,D,1.4834856
019-3,020040001,7630,93.5999984741211,D+,2.0
019-4,090080001,20405,120.5999984741211,C-,3.0
019-6,160840020,40196,70.30803680419922,D,1.4118818
019-7,040111402,33602,56.698055267333984,D,1.0
019-8,290440001,18144,82.25733184814453,D+,2.0
019-9,110140587,14354,54.82638931274414,D,1.0
019-A,110310001,5445,98.0,D+,2.0
020-0,211610005,41820,73.5999984741211,D,1.0
020-1,110140186,69672,58.1429557800293,D,1.535825
020-2,100330001,14706,89.0,D+,2.0
020-3,190490001,17160,94.9670181274414,D+,3.0
020-4,010030001,21591,110.28345489501953,C-,2.0
020-5,120020011,39077,47.05842208862305,D,1.1894464
020-6,180080001,1916,111.5,C-,2.0
020-8,220060001,11659,84.80513000488281,D+,2.0
020-9,130480001,25161,118.42526245117188,C-,2.173602
020-A,060020109,9802,85.90593719482422,D+,2.0
021-0,180080001,9571,114.7402572631836,C-,2.655731
021-2,280260003,32660,72.30000305175781,D,1.0
021-3,290410001,13298,140.5232391357422,C,2.7978644
021-4,040110355,5724,77.16666412353516,D,1.0
021-5,150100001,100852,91.89473724365234,D+,2.0
021-6,170290005,52483,93.93803405761719,D+,2.0
021-7,150290001,23692,105.0,C-,2.0
022-1,210410008,10080,107.19999694824219,C-,2.0
022-2,301930001,11620,126.0,C-,2.0
022-3,230090051,18140,58.226680755615234,D,1.5237045
022-4,110460001,57006,85.66666412353516,D+,2.0
022-6,240320001,24361,108.47058868408203,C-,2.0
022-7,100050001,38874,69.42697143554688,D,1.6438236
022-8,180120042,8946,68.27777862548828,D,1.0
023-0,080570001,13860,82.16666412353516,D+,2.0
023-1,141200001,16815,88.80000305175781,D+,3.0
023-2,100220010,58349,87.70709228515625,D+,1.7919416
023-3,151000007,22705,74.5999984741211,D,2.0
023-4,160500001,67472,78.48397827148438,D,2.0
023-6,060010007,7220,77.0,D,2.0
023-7,110170001,12270,92.0,D+,2.0
023-8,090140001,74274,133.34127807617188,C,2.9083662
023-9,270130016,1600,92.0,D+,2.0
024-0,160690001,45693,93.79933166503906,D+,2.0
024-1,040010010,6308,52.105262756347656,D,1.0
024-2,240280001,6795,97.80000305175781,D+,2.0
024-3,270080084,13050,75.47716522216797,D,1.0965518
024-4,180080001,28056,70.24315643310547,D,1.1374394
024-5,150990001,35358,85.21686553955078,D+,2.2130494
024-7,010050001,9760,77.8896484375,D,1.6362705
024-8,290320007,2295,80.80000305175781,D+,2.0
024-9,270060044,8417,78.57110595703125,D,1.3498871
024-A,060100001,1960,133.39999389648438,C,3.0
025-0,220110073,29195,77.16577911376953,D,1.2281213
025-5,070990001,70837,72.56145477294922,D,1.4107599
025-6,010070030,65198,100.65821075439453,D+,1.7038252
025-7,120110027,31206,102.72159576416016,D+,2.1430173
025-8,180170001,16770,64.8246841430664,D,1.2647585
025-9,190060001,7788,161.0,C+,3.0
025-A,090130001,21610,82.80000305175781,D+,3.0
026-0,090020001,11070,120.0,C-,3.0
026-1,080210001,27390,82.46261596679688,D+,1.8834611
026-2,270130069,4280,57.02056121826172,D,2.0
026-6,150020015,43445,88.90965270996094,D+,2.0
026-7,040110342,11950,82.48954010009766,D+,1.4435146
026-9,120280077,54269,69.84497833251953,D,1.4019791
026-A,110310001,25754,103.11089324951172,D+,2.150035
027-2,050370001,17746,83.57894897460938,D+,2.0
027-5,090020001,55100,99.1859130859375,D+,2.4384756
027-6,090140001,64525,106.99272918701172,C-,2.2525532
027-7,230050001,6900,97.27391052246094,D+,2.5884058
027-9,151220001,25120,88.5999984741211,D+,2.0
027-A,090040001,12830,93.80000305175781,D+,2.0
028-1,160520001,35676,80.38888549804688,D+,2.0
028-2,070890179,96143,83.81640625,D+,1.7352693
028-3,250040001,26201,97.15789794921875,D+,2.0
028-4,320420041,8943,82.36363983154297,D+,2.0
028-5,100220009,11033,90.35294342041016,D+,2.0
028-6,010010001,6076,152.71131896972656,C,4.0
028-7,060090025,50277,106.71685028076172,C-,2.0
028-8,020020001,56104,90.40802764892578,D+,2.1784186
028-9,150290001,39424,86.78251647949219,D+,2.0
028-A,190120211,62016,96.2631607055664,D+,2.0
029-0,010010001,33647,58.91083908081055,D,1.282789
029-1,300870001,11280,122.19999694824219,C-,3.0
029-2,020020001,28737,63.2561149597168,D,1.589484
029-3,090060001,15030,154.0,C,4.0
029-4,280190001,25441,117.2631607055664,C-,2.0
029-5,100150010,105164,67.17227172851562,D,1.2003157
029-7,080660067,15453,34.33333206176758,D,1.0
029-A,071060001,79704,86.15113067626953,D+,1.4681697
030-2,050130001,3046,98.0,D+,2.0
030-4,260550001,8235,129.8000030517578,C,3.0
030-5,270020001,7524,89.16666412353516,D+,2.0
030-6,290050001,4385,118.80000305175781,C-,3.0
030-8,220160001,3780,125.0,C-,3.0
030-9,250010001,6905,177.60000610351562,C+,4.0
030-A,270040196,6440,86.6500015258789,D+,2.0
031-0,141010001,64529,91.3658218383789,D+,2.2548466
031-3,270080047,5510,73.7368392944336,D,1.0
031-4,090170001,14475,116.0,C-,3.0
031-5,230080001,3840,63.20000076293945,D,1.0
031-6,150530026,111815,78.0526351928711,D,2.0
031-7,050130001,25047,78.37889099121094,D,2.0
031-8,060020001,1900,88.80000305175781,D+,2.0
031-9,090030001,34465,152.44839477539062,C,3.297316
031-A,060100001,2335,125.19999694824219,C-,4.0
032-0,100050001,95308,75.57421875,D,2.0349183
032-4,120540130,28314,37.55555725097656,D,1.0
032-5,290050001,2332,134.25,C,2.0
032-7,090090001,17115,83.66666412353516,D+,2.0
032-8,150330001,127988,79.66526794433594,D,2.1864862
032-9,270040129,11237,126.81329345703125,C-,2.0
032-A,170060001,30818,105.7368392944336,C-,2.1781425
033-0,240370001,24372,76.05555725097656,D,2.0
033-2,100060010,12236,62.842105865478516,D,1.0
033-6,180120001,10812,88.0,D+,2.0
033-7,010010001,6771,142.7576446533203,C,3.5606263
033-8,130820003,22096,96.375,D+,2.0
033-A,150810001,26860,70.5,D,3.0
034-0,250120001,8200,94.5999984741211,D+,3.0
034-1,060020001,34408,85.3145523071289,D+,1.2851663
034-2,100040048,8256,73.33333587646484,D,2.0
034-3,120280055,39024,44.55555725097656,D,1.0
034-4,090060001,44859,111.65904235839844,C-,2.3442788
034-5,300440001,13395,85.0,D+,2.0
034-6,100150026,7371,67.77777862548828,D,2.0
034-7,200790001,26239,91.10526275634766,D+,2.0
035-0,170070001,3588,125.25,C-,3.0
035-1,250010001,7830,117.5999984741211,C-,3.0
035-2,080660188,19985,53.54545974731445,D,1.5704278
035-3,070170001,32976,81.22222137451172,D+,2.0
035-6,150820087,62933,55.46154022216797,D,1.0
035-9,160690001,43007,140.510986328125,C,2.8366544
035-A,151060001,28160,75.0,D,2.0
036-1,090030001,44189,132.61001586914062,C,2.951549
036-2,060100001,24115,83.1137466430664,D+,2.0
036-3,090060001,10840,108.0,C-,2.0
036-5,270010044,5763,54.52941131591797,D,1.0
036-6,090050001,43352,88.82203674316406,D+,2.0543227
036-8,090080104,13901,85.23890686035156,D+,2.0
036-9,141200001,13695,136.8000030517578,C,3.0
037-0,180170001,2484,137.25,C,3.0
037-1,320340001,12384,86.5625,D+,2.0
037-3,090040001,53744,106.48294067382812,C-,3.0469635
037-4,110200001,23061,86.09644317626953,D+,2.0
037-6,090030001,34856,158.6663360595703,C+,3.3380766
037-7,170080001,6076,60.0,D,2.0
037-8,090060001,21920,132.31231689453125,C,3.4222627
037-A,050320014,40476,94.73678588867188,D+,2.84791
038-0,211140001,24262,75.87791442871094,D,2.4472837
038-1,120280001,31600,98.6875,D+,2.0
038-5,090100001,32150,90.45430755615234,D+,2.0
038-6,080660769,10454,61.22278594970703,D,1.6715133
038-7,130030014,36231,69.84786224365234,D,2.125721
038-9,110200001,16181,101.23515319824219,D+,2.0
038-A,010010001,3130,108.0,C-,3.0
039-0,270040066,9361,99.00993347167969,D+,2.0
039-1,170110001,8901,91.30030059814453,D+,2.0
039-3,190260001,8180,167.25,C+,3.0
039-6,160150001,35352,68.66666412353516,D,2.0
039-7,210150031,14140,94.5999984741211,D+,2.0
039-8,110170001,21510,107.72412872314453,C-,2.0
039-A,270080069,3250,47.20000076293945,D,1.0
040-0,040010004,21963,73.0516357421875,D,2.0
040-1,170070001,30331,137.48867797851562,C,3.3524776
040-2,260410001,43450,103.62372589111328,D+,1.7586421
040-3,270040126,4500,65.5,D,1.0
040-4,170060001,3856,101.25,D+,2.0
040-6,110200001,19042,93.93131256103516,D+,2.427056
040-7,050300001,7245,94.0,D+,2.0
040-8,211140001,7655,83.80000305175781,D+,2.0
040-9,270020001,4832,89.8125,D+,2.0
040-A,150130001,59295,176.289306640625,C+,3.6412852
041-0,301180001,11715,119.5999984741211,C-,3.0
041-1,200440001,29880,54.11111068725586,D,2.0
041-3,060100001,6530,129.3038330078125,C,3.7825422
041-6,170070001,11521,102.14582061767578,D+,2.440934
041-8,250080132,37383,70.22063446044922,D,1.9398122
042-1,100060014,19438,68.7931900024414,D,1.7109785
042-2,050140022,25376,73.32376861572266,D,2.0
042-3,080570001,35990,92.2108383178711,D+,2.8074465
042-5,301180001,11325,113.0,C-,2.0
042-6,260430001,7255,96.80000305175781,D+,3.0
042-7,250150001,41500,111.44999694824219,C-,3.0
042-8,060100001,1840,133.60000610351562,C,3.0
042-9,040100077,100583,88.2098388671875,D+,1.9653718
042-A,151060001,16557,134.6666717529297,C,3.0
043-0,010010001,22369,93.22879791259766,D+,2.6347623
043-5,070650001,38200,83.9000015258789,D+,2.0
043-6,250010001,8466,155.3737335205078,C+,2.289511
043-7,240200001,48121,91.74925994873047,D+,2.0
043-8,170060001,4180,99.5,D+,2.0
043-9,100050001,4415,143.0,C,3.0
043-A,010050023,81134,90.10679626464844,D+,2.0764167
044-1,020040001,7140,189.0,C+,4.0
044-2,190390001,25505,121.19772338867188,C-,3.5073514
044-5,110270001,8264,99.75,D+,2.0
044-8,040100124,12048,68.41201782226562,D,1.7109064
044-9,090020001,22315,152.39999389648438,C,3.0
045-0,120580105,30480,72.26667022705078,D,1.0
045-2,090110001,14980,83.4000015258789,D+,2.0
045-3,071080068,44878,64.78947448730469,D,1.0
045-4,080210001,36835,81.71309661865234,D+,2.173069
045-9,161020001,6984,131.5,C,3.0
045-A,090120001,14104,110.25,C-,3.0
046-0,060070001,40479,86.17761993408203,D+,2.2995133
046-1,090130001,42559,98.50123596191406,D+,2.0
046-2,140970025,16940,120.19999694824219,C-,3.0
046-6,240130001,6140,93.25,D+,3.0
046-9,240280001,13964,90.25923919677734,D+,2.6665711
046-A,180170001,3585,146.8000030517578,C,2.0
047-3,280410001,9548,207.75,AB,4.0
047-5,080500001,42033,111.34972381591797,C-,2.9508007
047-6,090080001,19418,83.7645492553711,D+,2.1129365
047-7,220060142,9505,128.45701599121094,C,3.043661
047-8,130480001,7700,131.60000610351562,C,3.0
047-9,280340157,8225,75.0,D,1.0
047-A,110020027,63474,74.68525695800781,D,2.0
048-0,190390001,7749,124.66666412353516,C-,4.0
048-1,230040001,4195,136.39999389648438,C,2.0
048-2,010050001,11451,161.6064910888672,C+,3.7500656
048-5,160150001,51165,92.98432159423828,D+,2.313691
048-6,150810019,180947,89.30364990234375,D+,2.1795056
048-8,320310001,15840,97.66666412353516,D+,2.0
048-9,080120173,4470,10.0,E,1.0
048-A,020040001,14033,131.9174041748047,C,2.9708545
049-3,180170001,8383,109.649169921875,C-,2.633186
049-4,110420001,51296,89.375,D+,2.0
049-6,120010001,13497,89.83855438232422,D+,2.0
049-9,130770001,5696,130.04757690429688,C,3.0
049-A,060100001,31878,90.33267211914062,D+,2.0512893
050-1,060090001,15544,87.5897445678711,D+,2.0
050-3,290100001,3090,126.5999984741211,C-,2.0
050-5,070650001,37981,93.52631378173828,D+,2.0
050-6,080120038,26820,33.72222137451172,D,1.0
050-7,310410001,8224,102.80787658691406,D+,2.0
050-8,120730059,25536,45.25,D,1.0
050-9,230040001,3388,105.5,C-,2.0
050-A,010050001,24322,100.82332611083984,D+,2.3803964
051-0,180170001,6875,111.76072692871094,C-,2.4996364
051-1,190480001,20545,103.28585815429688,D+,2.807739
051-2,170060001,8800,104.11158752441406,D+,2.0
051-3,170180001,8188,113.23815155029297,C-,2.5886664
051-5,220140001,3608,136.25,C,3.0
051-9,090020001,17325,106.5999984741211,C-,3.0
051-A,150580001,33523,102.99579620361328,D+,2.101065
052-1,060100001,2105,83.19999694824219,D+,2.0
052-2,090060001,34740,116.19153594970703,C-,3.330167
052-4,080210001,18919,97.50203704833984,D+,2.5193193
052-6,310410001,3440,45.5,D,1.0
052-9,130480001,14404,135.58233642578125,C,2.686476
052-A,060020001,6975,98.90078735351562,D+,2.6982079
053-2,170180001,3870,102.0,D+,2.0
053-3,151040001,86293,105.39480590820312,C-,2.8158252
053-4,010010001,2012,97.5,D+,3.0
053-6,060100001,13675,106.79005432128906,C-,3.1561244
053-7,071010001,44226,135.04518127441406,C,3.1517658
053-9,150580001,21184,62.0,D,2.0
054-2,090020001,13712,123.0,C-,1.0
054-4,310500001,5385,123.80000305175781,C-,3.0
054-5,090170001,20813,103.9442138671875,D+,2.5118434
054-7,270120018,6138,89.38888549804688,D+,2.0
054-9,060020001,1815,112.0,C-,3.0
055-1,170180001,6420,82.80000305175781,D+,2.0
055-2,110200001,8776,96.75,D+,2.0
055-6,190210001,18999,77.02794647216797,D,2.0
055-8,020010001,15644,127.87950897216797,C-,3.6545641
055-A,050350178,24061,102.65325927734375,D+,2.4029758
056-0,100070001,10505,125.62055969238281,C-,3.0
056-2,020010001,29104,180.39715576171875,C+,3.5395823
056-3,180170001,7925,151.45236206054688,C,3.0
056-4,060070001,2908,106.91471862792969,C-,3.0
056-5,190440001,21136,112.9375,C-,3.0
056-7,020030001,40050,111.77777862548828,C-,3.0
056-9,310590004,4700,84.80000305175781,D+,2.0
056-A,090150001,11094,100.0,D+,3.0
057-1,190310001,8240,83.5,D+,2.0
057-3,150310001,34450,81.42118835449219,D+,2.0
057-4,060100001,3900,149.28768920898438,C,4.0
057-5,090060001,23730,100.80000305175781,D+,2.0
057-7,020010001,36820,117.72718811035156,C-,2.5649104
057-9,190480001,7836,90.75,D+,2.0
057-A,170060001,8598,108.62212371826172,C-,3.0
058-0,320560001,5190,109.4000015258789,C-,3.0
058-1,200670001,8290,142.39999389648438,C,3.0
058-3,060070001,37460,92.0771255493164,D+,2.0
058-4,150200001,33078,111.45903778076172,C-,2.5338895
058-7,010010001,55664,100.23228454589844,D+,2.375018
058-8,211140001,19955,109.65773010253906,C-,2.396893
058-9,060100001,1672,97.0,D+,2.0
059-0,130480001,6860,127.0,C-,3.0
059-2,150310001,33555,84.5295181274414,D+,2.0
059-3,240130001,7550,112.0,C-,2.0
059-4,230060051,15894,77.22222137451172,D,2.0
059-8,070890001,10610,121.37059020996094,C-,2.6938736
060-0,020040001,14490,119.63353729248047,C-,2.5962732
060-2,140970866,60509,170.1007080078125,C+,2.0641558
060-4,010010001,3230,115.19999694824219,C-,3.0
060-6,090150001,10040,102.0,D+,3.0
060-7,290050009,2985,102.0,D+,2.0
060-9,090140001,40825,127.43353271484375,C-,3.2815676
061-0,090150001,14372,100.75,D+,3.0
061-5,070890001,8992,173.75,C+,3.0
061-7,141200001,8595,142.6666717529297,C,2.0
061-8,120290001,14561,124.4895248413086,C-,2.4855435
061-9,220140001,3920,161.0,C+,4.0
061-A,090030001,30429,95.565673828125,D+,2.0
062-0,170110001,3736,118.25,C-,3.0
062-2,090160001,26160,195.25,AB,4.0
062-4,090030001,12996,133.75,C,2.0
062-5,040091002,6240,49.0,D,1.0
062-7,120570552,5835,69.0,D,1.0
062-8,050320014,49420,96.75,D+,2.0
062-A,160380001,48560,102.5,D+,2.0
063-2,220160001,3772,166.25,C+,4.0
063-3,310500001,8989,128.94549560546875,C,2.5144064
063-4,060070001,44488,128.99615478515625,C,2.0396736
063-5,090130118,14872,114.77851104736328,C-,2.7358794
063-7,240350001,12625,125.36039733886719,C-,3.0
063-9,090030001,31975,133.1175994873047,C,2.0
063-A,090150001,39120,85.65091705322266,D+,2.0
064-0,170180001,12731,89.42518615722656,D+,2.0
064-1,130690042,24642,104.61111450195312,D+,2.0
064-2,050250001,4852,84.75,D+,2.0
064-3,310590001,2178,69.0,D,2.0
064-4,210190001,37710,104.16666412353516,D+,2.0
064-5,160530001,13365,105.80538940429688,C-,2.0
064-8,310500001,4815,97.5999984741211,D+,2.0
064-A,190180212,7963,169.52316284179688,C+,4.0
065-1,020010001,4485,90.33333587646484,D+,3.0
065-6,240350001,6152,111.75,C-,3.0
065-7,050250001,6100,83.4000015258789,D+,3.0
065-8,180150080,12988,83.4117660522461,D+,2.0
066-4,090110001,34088,88.08507537841797,D+,2.3916922
066-5,280030122,15948,88.96601104736328,D+,2.3064961
066-6,080370001,11535,94.92327880859375,D+,2.53316
066-7,090100001,26355,99.68244934082031,D+,3.0
066-9,170060001,5360,107.19999694824219,C-,2.0
067-0,150370071,27872,79.25,D,2.0
067-3,290330008,2435,109.5999984741211,C-,2.0
067-6,090120001,17030,87.80000305175781,D+,2.0
067-9,290050007,2440,79.19999694824219,D,2.0
067-A,320560001,3824,74.25,D,3.0
068-1,300870001,18820,185.0,C+,4.0
068-2,270020087,5680,73.5999984741211,D,1.0
068-3,070780001,27428,103.57178497314453,D+,2.418368
068-6,180170001,8060,113.99578094482422,C-,2.0
068-7,110370091,71734,69.23478698730469,D,2.0332897
068-A,020031625,11826,115.77777862548828,C-,2.0
069-2,090130001,55489,82.49016571044922,D+,2.0
069-3,080320001,9885,109.5999984741211,C-,3.0
069-4,020030883,10512,93.0,D+,2.0
069-5,110270001,11665,102.0,D+,2.0
069-6,100040001,17712,97.11111450195312,D+,2.0
069-7,090150001,34804,112.00442504882812,C-,3.0
069-8,280330291,39395,90.46622467041016,D+,2.0
069-A,050270001,22725,131.2604217529297,C,3.4622662
070-1,190330001,68485,86.24358367919922,D+,2.638753
070-3,320170001,4024,154.0,C,4.0
070-7,110200001,13550,136.8000030517578,C,3.0
070-8,030080198,5032,103.76470947265625,D+,2.0
070-9,130770001,6354,80.05587005615234,D+,2.0
071-0,141200001,10854,166.91929626464844,C+,3.3010871
071-4,090150001,12162,101.33333587646484,D+,3.0
071-5,161080001,14879,120.86692810058594,C-,3.3296592
071-7,170070001,7962,132.248046875,C,3.0
071-8,050180001,7410,96.0,D+,3.0
071-9,270040001,1410,100.4000015258789,D+,2.0
071-A,280090001,3238,152.0,C,3.0
072-1,170070001,3448,222.5,AB,4.0
072-2,150330001,31575,110.18647766113281,C-,2.9046714
072-7,050250001,10073,95.8664779663086,D+,2.8566465
072-8,040020001,10080,75.33611297607422,D,2.0
072-A,161080001,6189,88.66666412353516,D+,2.0
073-0,190260001,8288,100.25,D+,2.0
073-1,090070001,25305,105.80486297607422,C-,2.0
073-2,040020001,27345,123.7657699584961,C-,3.019967
073-3,070190001,35701,120.0526351928711,C-,2.0
073-4,100070001,5024,105.8761978149414,C-,2.6759553
073-6,250100014,14707,95.20724487304688,D+,2.3510573
073-A,230040001,8575,91.55696868896484,D+,2.0
074-0,090140001,10920,167.0,C+,4.0
074-1,090050001,17040,173.6666717529297,C+,4.0
074-2,110420001,6412,65.0,D,2.0
074-3,090130001,16955,97.80000305175781,D+,2.0
074-4,220060001,4175,170.8000030517578,C+,4.0
074-5,250120001,5264,81.75,D+,2.0
074-6,060020001,1175,149.1999969482422,C,3.0
074-7,180150052,16500,76.55000305175781,D,2.0
075-2,060100001,1800,102.5999984741211,D+,2.0
075-3,071010001,14060,157.60000610351562,C+,3.0
075-5,310960509,16960,38.5,D,1.0
075-6,180170001,2945,77.4000015258789,D,2.0
075-8,110070001,9870,91.5999984741211,D+,2.0
075-9,230040001,3712,164.0,C+,4.0
076-0,180170001,7348,84.23040008544922,D+,2.33043
076-1,060070001,14641,89.78839874267578,D+,2.182433
076-2,190180001,48348,82.38888549804688,D+,2.0
076-4,110200001,32341,117.8125,C-,2.527844
076-6,300870001,13285,71.19999694824219,D,2.0
076-7,060100001,3475,119.31884765625,C-,3.5064747
076-9,110170001,24123,71.99581146240234,D,1.7421962
077-4,200670001,23656,110.36489868164062,C-,2.5662835
077-6,270040001,1120,85.0,D+,2.0
077-7,080620022,31500,102.66666412353516,D+,2.0
078-0,230010001,10692,81.16666412353516,D+,2.0
078-6,060100001,1585,87.5999984741211,D+,2.0
078-7,090110021,48132,126.88057708740234,C-,2.1922214
078-8,110170001,17664,107.1067123413086,C-,2.0
078-9,200670001,26222,77.4037094116211,D,1.466021
078-A,180170001,2276,88.5,D+,2.0
079-0,080170001,9670,132.1999969482422,C,3.0
079-2,140530001,45832,132.76470947265625,C,3.0
079-9,010010001,2348,140.75,C,3.0
079-A,180150081,13091,80.68421173095703,D+,2.0
080-0,240350001,6220,71.5,D,2.0
080-1,110270001,13076,157.5,C+,4.0
080-2,090030001,47210,81.08299255371094,D+,2.0
080-6,090140001,9928,106.0,C-,4.0
080-7,180170001,2628,78.5,D,2.0
081-0,090140001,44443,90.93146514892578,D+,2.2387328
081-2,190480001,10868,110.53266143798828,C-,3.0
081-3,170110001,5995,102.5999984741211,D+,2.0
081-6,220140001,2288,175.5,C+,4.0
081-7,150310001,44160,85.57789611816406,D+,2.317029
081-A,230020001,23526,101.71210479736328,D+,2.0
082-5,280410001,9500,119.0,C-,3.0
082-7,270040001,1330,96.5999984741211,D+,2.0
083-0,050180001,18355,130.59727478027344,C,2.9975483
083-1,120350001,10154,149.73960876464844,C,3.0
083-2,170060001,12861,102.86587524414062,D+,2.5664413
083-4,140670001,8752,106.5,C-,3.0
083-5,220140001,5150,82.0,D+,2.0
083-6,211560001,26455,139.62362670898438,C,3.0
083-9,120570086,35920,93.87059783935547,D+,1.1329621
084-4,100360001,20200,89.5,D+,2.0
084-6,270040001,1660,126.19999694824219,C-,3.0
084-7,170060001,8136,99.30088806152344,D+,2.0
084-9,110200001,20004,159.0284881591797,C+,3.5133474
084-A,060020001,13949,99.58993530273438,D+,2.1236649
085-0,050350001,71273,84.77969360351562,D+,2.0943975
085-1,150570001,73000,94.62142181396484,D+,2.1258905
085-9,020010001,18235,133.46871948242188,C,3.0
086-3,260030150,7512,45.75,D,1.0
086-5,190060001,12400,114.0,C-,3.0
086-6,150570001,43741,86.81548309326172,D+,2.0
086-9,060020001,14896,129.3270721435547,C,3.0
086-A,180200053,3655,130.1764678955078,C,3.0
087-0,290330012,2286,137.0,C,4.0
087-7,110170001,7845,179.3333282470703,C+,3.0
087-8,260030274,15024,72.375,D,1.0
087-9,250170026,26505,106.9473648071289,C-,2.0
087-A,270040001,1630,116.4000015258789,C-,2.0
088-3,050180001,41201,85.27616119384766,D+,1.8584986
088-4,270040001,2435,78.4000015258789,D,2.0
088-5,150200001,91083,105.60404205322266,C-,3.6249135
088-7,140670001,16110,89.80000305175781,D+,2.0
088-8,010010001,6948,98.89636993408203,D+,2.0
088-A,190460001,12345,137.60000610351562,C,3.0
089-0,120380023,48367,87.77984619140625,D+,1.769781
089-1,240350001,18066,107.74498748779297,C-,2.613362
089-2,010010001,6986,120.28657531738281,C-,2.2756941
089-4,060100001,4040,152.60000610351562,C,4.0
089-5,160530001,10120,120.5999984741211,C-,3.0
089-7,150580001,21956,120.75,C-,2.0
089-9,060070001,12948,90.79610443115234,D+,2.733395
089-A,190390001,13275,159.60000610351562,C+,4.0
090-0,090050001,23785,97.58137512207031,D+,3.0
090-1,230010001,12006,120.55555725097656,C-,2.0
090-2,190390001,11425,140.60000610351562,C,4.0
090-8,100070001,38325,78.48456573486328,D,2.0
090-A,140390001,17625,96.4000015258789,D+,2.0
091-0,211560001,15495,87.80000305175781,D+,2.0
091-4,310960001,21618,72.66666412353516,D,2.0
091-6,270040001,3630,85.23471069335938,D+,2.0
091-7,170110009,3485,106.0,C-,3.0
091-A,010010001,18560,139.47305297851562,C,4.0
092-0,270040001,2160,123.0,C-,2.0
092-5,060090001,5415,72.31578826904297,D,2.0
092-6,080170001,6573,87.33333587646484,D+,3.0
092-A,050180001,5696,92.0,D+,2.0
093-0,060100001,13456,136.97918701171875,C,4.0
093-1,141010001,12184,98.0,D+,3.0
093-4,230050001,4665,97.0,D+,2.0
093-6,290330014,2635,100.0,D+,2.0
093-8,150700005,21908,75.5,D,2.0
093-9,010010001,1860,150.6666717529297,C,4.0
093-A,300870001,11532,79.0,D,2.0
094-6,100070001,3745,122.5999984741211,C-,2.0
094-8,090140001,36986,83.2911376953125,D+,1.9872925
094-9,050180001,7045,104.0,D+,2.0
095-1,300390001,9536,130.0,C,2.0
095-3,250170153,16324,73.07142639160156,D,1.0
095-5,170110001,2844,121.0,C-,3.0
096-4,060100001,1332,142.3333282470703,C,4.0
096-6,110170001,8352,100.75,D+,2.0
096-7,150580001,19948,93.25,D+,2.0
096-8,230050001,4900,111.19999694824219,C-,3.0
096-9,050350001,6935,124.19999694824219,C-,3.0
097-2,180170001,6204,135.56625366210938,C,3.0
097-3,190480001,9200,116.0,C-,3.0
097-7,030080054,8854,116.15789794921875,C-,3.0
097-A,090110026,29195,102.91132354736328,D+,2.3627334
098-1,030080054,7463,114.88235473632812,C-,4.0
098-2,100040011,23824,100.9330062866211,D+,2.0
098-4,090110001,12288,161.3333282470703,C+,3.0
098-6,280410001,10120,126.5999984741211,C-,3.0
098-9,230080001,8055,101.12861633300781,D+,3.2501552
098-A,080320001,4155,69.0,D,3.0
099-0,220160001,4880,102.5999984741211,D+,2.0
099-1,090050001,14865,92.4000015258789,D+,2.0
099-6,030080054,6498,109.27777862548828,C-,2.0
099-7,090030001,21030,103.79048919677734,D+,2.3176415
099-8,190460001,11275,116.5999984741211,C-,3.0
099-9,301080001,13490,151.39999389648438,C,3.0
100-0,060020001,33950,87.93814086914062,D+,2.9422681
100-1,090030001,16270,87.4000015258789,D+,2.0
100-2,270020001,9690,97.10526275634766,D+,2.0
100-3,150130001,21839,86.00814819335938,D+,2.0
100-4,300390001,9112,87.25,D+,3.0
100-7,270040123,14680,90.11478424072266,D+,2.0
101-0,230050001,4180,113.5999984741211,C-,3.0
101-2,260180001,5484,97.5,D+,3.0
101-6,300870001,12990,103.5999984741211,D+,2.0
101-7,240130001,4239,88.66666412353516,D+,3.0
101-A,200670001,22490,95.09683990478516,D+,2.0
102-2,150810019,28912,82.75,D+,4.0
102-3,151060001,17372,200.0,AB,4.0
102-5,040040001,11384,81.4554672241211,D+,2.0
102-7,280090001,6390,129.0,C,3.0
103-5,040020001,2335,97.4000015258789,D+,2.0
103-7,071010001,7835,127.4000015258789,C-,2.0
103-A,090050001,13585,77.19999694824219,D,2.0
104-3,020010001,25110,72.66451263427734,D,2.0
104-4,050180001,5456,96.25,D+,3.0
104-8,090160001,19872,229.6666717529297,AB,4.0
105-0,230080001,3292,117.0,C-,2.0
105-5,190460001,11540,151.1999969482422,C,4.0
105-6,150130001,34030,126.66447448730469,C-,2.6553042
105-8,020010001,10890,120.4000015258789,C-,2.0
105-A,190060001,10088,100.3043212890625,D+,2.8433783
106-0,050240001,80350,132.0546112060547,C,2.9415805
106-1,151060001,21988,100.25,D+,3.0
106-2,170070001,4915,129.0,C,3.0
106-3,280320001,4984,128.0,C,2.0
106-5,290330016,2610,99.5999984741211,D+,2.0
106-7,110200001,21075,76.2546615600586,D,2.0
106-8,060020001,6696,140.6775665283203,C,3.2764337
106-9,040020001,1566,139.6666717529297,C,3.0
106-A,060100001,14372,73.25584411621094,D,2.0
107-1,151040001,32187,112.28837585449219,C-,2.0
107-3,040020001,1976,79.0,D,2.0
107-7,170070001,11864,99.68577575683594,D+,2.0
107-8,250170595,23085,70.36842346191406,D,2.0
108-1,280410001,9855,83.4000015258789,D+,2.0
108-2,050180001,6960,95.0,D+,3.0
108-3,270040001,1885,143.60000610351562,C,2.0
108-4,090130001,21705,102.4000015258789,D+,3.0
108-7,151210001,27768,112.75,C-,3.0
108-A,100070123,15466,58.73684310913086,D,2.0
109-1,260430001,5640,72.0,D,2.0
109-3,090150001,17468,107.12205505371094,C-,3.0
109-4,100070001,11695,121.88362884521484,C-,2.3668234
109-5,020050001,37829,126.15789794921875,C-,2.0
109-7,140980001,17957,126.46722412109375,C-,2.878209
109-8,270040001,2960,89.81993103027344,D+,2.0
109-9,190390001,7752,140.0,C,3.0
110-0,270040001,2072,120.04729461669922,C-,2.4256756
110-1,230080001,2972,92.25,D+,2.0
110-3,150700019,18120,117.25,C-,2.0
110-5,260290001,6895,117.80000305175781,C-,3.0
110-7,071010001,16400,126.31780242919922,C-,2.9556098
110-8,301930001,14320,160.60000610351562,C+,4.0
110-A,180170001,2376,114.0,C-,2.0
111-0,090150001,21799,112.15413665771484,C-,3.0
111-1,301080001,13325,99.80000305175781,D+,2.0
111-3,150580001,30875,122.0,C-,2.0
111-5,270040001,1857,128.7770538330078,C,2.2084007
112-1,040030001,2320,94.4000015258789,D+,2.0
112-3,060020001,7644,73.74333190917969,D,2.0
112-4,090030001,17388,101.25,D+,2.0
112-6,141010001,11856,108.66666412353516,C-,2.0
112-8,170070001,3510,95.5999984741211,D+,3.0
112-9,180170001,2304,130.5,C,3.0
113-1,320560001,5380,188.75,C+,4.0
113-3,150540049,36644,143.5,C,4.0
113-5,110070001,11844,129.41590881347656,C,2.8125634
113-9,300870001,8428,92.5,D+,3.0
114-1,190260001,11360,100.5999984741211,D+,3.0
114-3,040020001,1166,177.5,C+,3.0
114-9,090170001,20251,164.5176544189453,C+,3.0
115-2,180170001,1653,177.3333282470703,C+,4.0
115-5,040030001,2420,100.19999694824219,D+,2.0
115-6,161020001,10445,87.80000305175781,D+,2.0
115-7,220140001,5140,121.5999984741211,C-,3.0
115-8,090030001,29500,88.36752319335938,D+,2.0
115-9,090150001,19755,99.0,D+,3.0
115-A,161080001,7472,122.25,C-,2.0
116-0,280380001,6072,146.6666717529297,C,3.0
116-4,100070001,2936,103.0,D+,2.0
116-6,080370001,23202,86.74825286865234,D+,2.0
116-7,280320001,7196,117.75,C-,2.0
116-A,040030001,2770,93.80000305175781,D+,2.0
117-2,190480001,12237,106.83467864990234,C-,2.1408842
117-3,170110001,3072,151.3333282470703,C,4.0
117-8,240130001,6564,105.25,C-,2.0
118-0,151210001,48061,105.88847351074219,C-,2.6262875
118-4,300390001,12295,90.0,D+,2.0
118-5,170070123,20824,77.63157653808594,D,2.0
118-7,050350001,7105,113.5999984741211,C-,3.0
118-8,260180001,7980,114.5999984741211,C-,2.0
119-1,270040001,1244,172.5,C+,3.0
119-2,110070001,24332,110.15152740478516,C-,2.6024988
119-5,060020001,1212,81.0,D+,2.0
120-0,160530001,8865,105.5999984741211,C-,3.0
120-2,130510029,5510,86.5999984741211,D+,2.0
120-3,150540049,41725,99.07649993896484,D+,3.8387537
120-4,270040001,2689,117.22685241699219,C-,2.5894384
120-6,320420176,19475,72.0,D,2.0
121-1,090160001,10006,136.493408203125,C,3.3110135
121-2,090120001,13624,81.25,D+,2.0
121-8,090100001,21752,219.1922607421875,AB,4.0
121-9,060070001,6232,113.83440399169922,C-,2.6534019
121-A,110070001,9305,96.19999694824219,D+,2.0
122-2,100320001,54125,85.7386245727539,D+,2.0231133
122-5,141200001,4010,141.0,C,4.0
122-7,050250001,18185,156.79647827148438,C+,3.5980203
122-8,040020001,3155,118.4000015258789,C-,3.0
122-A,161080001,13395,115.4000015258789,C-,2.0
123-0,280220001,7795,140.0,C,2.0
123-4,071010001,11992,89.04269409179688,D+,2.6804535
123-5,110170001,12908,107.0,C-,3.0
123-6,140390001,23801,106.77958679199219,C-,3.2544432
123-7,180170001,2432,110.0,C-,3.0
123-8,270040001,1932,205.5,AB,4.0
123-9,260180001,5412,113.75,C-,3.0
124-1,280270001,6376,95.5,D+,3.0
124-4,120010001,10030,63.0,D,2.0
124-5,120290001,16103,112.46189880371094,C-,3.4511583
125-6,151090003,38330,107.6700210571289,C-,2.905557
125-7,060070001,18779,107.94461822509766,C-,3.4292562
125-A,120290001,7473,117.66666412353516,C-,3.0
126-0,090050001,13580,112.0497817993164,C-,2.5301914
126-2,230080001,3260,82.75,D+,2.0
126-3,040030001,3757,143.90577697753906,C,1.661432
126-4,150700040,32982,81.8537368774414,D+,2.3829362
126-A,170070001,3368,101.5,D+,3.0
127-0,150310001,16252,70.75,D,1.0
127-2,150130001,26084,103.25,D+,3.0
127-5,230050001,2940,102.75,D+,2.0
127-6,070890001,13507,99.53861236572266,D+,2.0
127-9,190310001,7776,85.25,D+,2.0
128-0,120350001,4923,118.76477813720703,C-,2.0
128-4,050300001,7160,168.75,C+,4.0
128-5,040020001,2715,100.30018615722656,D+,2.5303867
128-6,270020001,6205,132.64706420898438,C,3.0
128-8,110170061,40540,55.099998474121094,D,1.0
128-9,220160001,16005,126.96044921875,C-,3.4423618
129-1,071010001,12065,155.1999969482422,C+,2.0
129-3,170070001,12060,115.22189331054688,C-,3.0
129-8,280380001,6186,83.66666412353516,D+,2.0
129-9,010010001,26470,114.74933624267578,C-,3.0555346
130-0,190260001,9432,110.5,C-,3.0
130-1,050300001,6720,112.5999984741211,C-,3.0
130-2,040020001,14135,94.09869384765625,D+,3.0
130-4,141010001,19265,86.0,D+,2.0
130-6,220160001,13075,110.69499206542969,C-,2.2539196
130-7,090050001,50054,112.00753021240234,C-,3.319535
130-8,190480001,9792,100.5,D+,4.0
130-9,190390001,6952,103.75,D+,3.0
131-1,180170001,14641,101.30284881591797,D+,2.1929512
131-2,090170001,16312,110.75,C-,3.0
131-4,120010001,7320,80.80000305175781,D+,2.0
131-5,110200001,32586,150.42864990234375,C,2.9305222
131-6,220140001,3932,172.0,C+,4.0
132-0,010010001,5840,103.01044464111328,D+,2.0
132-6,050180001,6104,90.75,D+,3.0
132-7,060070001,3390,111.83716583251953,C-,2.5044248
133-1,060070001,3216,109.03917694091797,C-,3.5597014
133-4,140930001,71982,105.05555725097656,C-,3.0
133-5,220140108,12578,73.89473724365234,D,2.0
133-6,211560001,10455,80.80000305175781,D+,2.0
134-0,040020001,2640,131.0,C,3.0
134-2,160530001,12315,96.19999694824219,D+,2.0
134-3,280030122,7540,86.25,D+,2.0
134-6,070890001,22985,93.91263580322266,D+,2.462258
135-0,050350001,3609,123.66666412353516,C-,3.0
135-4,060020001,3831,93.57634735107422,D+,2.0
135-5,090030001,26870,162.60000610351562,C+,4.0
135-6,080170143,5740,130.75,C,2.0
135-9,170070001,6880,102.7997055053711,D+,2.0
136-0,080170066,20090,108.21428680419922,C-,2.0
136-4,090100001,21432,102.0268783569336,D+,2.2586787
136-5,270040001,1760,100.5999984741211,D+,2.0
136-6,090130001,16850,159.1999969482422,C+,2.0
136-9,060020001,18520,100.75005340576172,D+,2.0
136-A,150310001,29615,84.5999984741211,D+,2.0
137-2,161020001,4162,72.5,D,2.0
137-3,010010001,1698,105.66666412353516,C-,3.0
137-6,090110001,10128,100.33333587646484,D+,3.0
137-8,170070001,7936,110.2077865600586,C-,2.4904234
138-0,150130001,23190,78.80000305175781,D,2.0
138-1,280030122,9700,94.0,D+,2.0
138-3,180170001,14673,92.44142150878906,D+,2.411504
138-5,150570001,21534,147.0,C,4.0
138-7,280380001,10305,126.0,C-,3.0
138-8,090070001,15575,69.4000015258789,D,2.0
138-9,040020001,7698,110.80410766601562,C-,2.0
139-2,030080304,6804,101.44444274902344,D+,2.0
139-5,190210001,12380,93.75,D+,4.0
139-7,150580001,32905,73.19999694824219,D,2.0
139-8,180170001,2960,151.8000030517578,C,3.0
139-9,120350001,6632,73.75,D,1.0
139-A,150570001,32084,115.95841979980469,C-,2.684952
140-3,040030001,2610,117.5999984741211,C-,2.0
140-5,010010001,13805,116.89286804199219,C-,2.4686708
140-6,211560014,37782,64.33333587646484,D,1.0
140-8,071010001,13225,76.80000305175781,D,2.0
140-9,300390001,10775,65.4000015258789,D,2.0
141-1,090150001,21964,136.0,C,4.0
141-4,140390001,14331,108.68683624267578,C-,2.6399415
141-7,190390001,11908,212.92996215820312,AB,4.0
141-9,161020001,9520,91.0,D+,2.0
142-1,260180001,18988,104.3109359741211,D+,2.0
142-2,230040267,9503,64.29412078857422,D,1.0
142-3,130480001,16757,118.05484008789062,C-,2.4824848
142-4,060020001,1221,119.33333587646484,C-,2.0
143-1,090110001,24624,115.11639404296875,C-,2.7361922
143-5,190060001,18928,176.96058654785156,C+,4.0
143-8,110200001,20274,141.08612060546875,C,3.0
143-9,010010001,10369,140.88186645507812,C,3.532356
144-1,040030081,47896,81.98101806640625,D+,1.8808669
144-7,301930001,11135,122.0,C-,3.0
144-A,020040001,13310,104.62659454345703,D+,3.0
145-0,071010001,12845,97.69863891601562,D+,2.3242507
145-3,090100001,19781,96.69900512695312,D+,2.3526616
145-4,020040001,15195,95.00513458251953,D+,2.5462322
145-7,250120001,12764,145.8295135498047,C,3.5499842
146-1,280220001,10190,107.0,C-,2.0
146-2,220140107,4965,64.0,D,2.0
146-4,080170018,29507,106.89473724365234,C-,2.0
146-5,090110001,15126,110.33333587646484,C-,4.0
146-9,060070001,2200,155.0,C+,4.0
147-1,080370001,39151,103.04063415527344,D+,2.8117545
147-2,230050001,4055,95.80000305175781,D+,2.0
147-3,060070001,13315,69.85557556152344,D,1.2865189
147-4,090130001,13424,117.25,C-,2.0
147-8,211560001,7194,77.66666412353516,D,2.0
147-A,190210001,9730,91.0,D+,2.0
148-1,050250001,7800,97.75,D+,4.0
148-2,040020001,2192,108.25,C-,2.0
148-3,090150001,20400,108.19999694824219,C-,3.0
148-7,150330001,19040,98.75,D+,2.0
148-8,190060001,23010,100.44632720947266,D+,3.0
149-0,130510124,38030,105.01782989501953,C-,3.2260058
149-2,270040001,612,62.0,D,2.0
149-5,120290001,11226,92.73196411132812,D+,1.3971138
150-2,151060079,36410,97.95380401611328,D+,2.2241142
150-3,080370001,7696,88.0,D+,2.0
150-4,280320001,7232,135.75,C,3.0
150-5,270040001,996,140.0,C,3.0
150-9,090120001,21850,97.5999984741211,D+,2.0
151-5,190460001,8388,133.75,C,4.0
151-9,090100001,16520,112.0,C-,3.0
152-2,170070125,4324,148.25,C,3.0
152-3,230050001,7828,107.7362060546875,C-,2.5498211
152-4,190060001,12112,112.14299774169922,C-,2.2001321
153-1,130480001,5200,98.0,D+,2.0
153-3,211140001,23223,100.86991119384766,D+,2.0
153-9,060070001,23014,119.06448364257812,C-,3.0453637
153-A,230080001,2601,70.0,D,2.0
154-2,310500001,3309,195.3333282470703,AB,4.0
154-6,120290001,6752,99.5,D+,1.0
155-6,200670001,5430,108.33333587646484,C-,2.0
155-7,230050001,2697,138.3333282470703,C,3.0
155-9,230080001,4385,92.19999694824219,D+,2.0
155-A,080110001,36600,91.75,D+,3.0
156-0,170070001,16271,123.90522766113281,C-,2.6966996
156-1,050020001,5440,114.5,C-,2.0
156-2,060070001,16068,74.92326354980469,D,2.0
156-6,090120001,30440,133.5189208984375,C,3.0
156-7,040020001,1677,146.3333282470703,C,3.0
157-0,030080054,28275,87.45584106445312,D+,2.0
157-6,140980001,14796,115.5,C-,2.0
157-7,050350001,5120,127.5999984741211,C-,3.0
158-2,230080001,3635,162.39999389648438,C+,2.0
158-4,120290001,8012,82.75,D+,2.0
158-5,151210001,32100,157.0,C+,3.0
159-6,020040001,8160,110.80000305175781,C-,2.0
159-9,161020001,29715,109.92606353759766,C-,2.5808513
160-5,141010001,23296,106.54751586914062,C-,3.2462225
160-7,050270001,12450,90.4000015258789,D+,2.0
160-8,151090003,37388,93.8725814819336,D+,3.837167
160-9,190060001,11635,112.19999694824219,C-,3.0
160-A,230080001,3512,126.75,C-,2.0
161-1,280410001,8644,86.0,D+,2.0
161-3,050350001,5350,88.4000015258789,D+,2.0
161-6,190260001,10930,99.19999694824219,D+,3.0
161-9,250060001,7285,87.80000305175781,D+,3.0
161-A,260420001,7040,95.5999984741211,D+,2.0
162-0,120290001,6798,102.0,D+,2.0
162-1,050250001,7130,89.80000305175781,D+,2.0
162-5,320560001,3654,184.6666717529297,C+,4.0
162-7,230050001,3348,98.0,D+,2.0
162-8,270040001,860,74.25,D,2.0
163-1,250010205,24780,90.94999694824219,D+,2.0
163-2,270040001,1670,109.4000015258789,C-,3.0
163-5,120290001,5860,94.0,D+,2.0
163-7,090030001,30585,145.8000030517578,C,4.0
164-3,100070001,24950,85.86813354492188,D+,2.1432865
164-6,050020001,14005,120.04833984375,C-,2.8268476
164-8,190390001,6405,136.0,C,3.0
164-9,141200001,14156,87.25,D+,3.0
165-0,050180001,16643,113.75418853759766,C-,2.9989786
165-A,140390001,6404,89.0,D+,3.0
166-6,020040001,8938,122.96184539794922,C-,2.8821883
167-0,270040001,1116,165.5,C+,4.0
167-7,050240003,19578,56.53845977783203,D,1.0
167-9,130510078,3423,101.66666412353516,D+,3.0
167-A,040040045,14300,85.68461608886719,D+,1.4055943
168-0,080170001,11140,84.75,D+,2.0
168-4,050180001,5583,95.66666412353516,D+,3.0
168-6,150570001,22772,136.0,C,2.0
168-9,030080753,14674,122.69483184814453,C-,2.8861933
169-3,010010001,4358,128.8733367919922,C,3.3047268
169-A,270040001,3045,96.43842315673828,D+,2.0
170-0,130510096,4428,134.3333282470703,C,4.0
170-1,050180001,24412,104.11125946044922,D+,2.2815008
170-2,060070001,1528,83.5,D+,2.0
170-5,110200001,15980,121.19999694824219,C-,3.0
170-6,030080753,17995,104.2557373046875,D+,2.9441512
171-7,080190001,9865,145.1999969482422,C,3.0
171-A,151040001,27440,68.5999984741211,D,2.0
172-0,151090003,25015,96.0,D+,2.0
172-A,240280001,4251,124.33333587646484,C-,3.0
173-2,071010001,9408,85.75,D+,2.0
173-4,200670001,9705,85.0,D+,2.0
173-5,090050001,30155,117.5999984741211,C-,3.0
173-6,020040001,10895,95.4000015258789,D+,3.0
173-8,100050001,2733,160.0,C+,4.0
174-4,010010001,3924,98.40978240966797,D+,2.4311926
174-5,040020001,18174,135.1333770751953,C,3.0
174-6,240130001,12855,80.05118560791016,D+,2.563983
174-A,150330001,27260,102.4000015258789,D+,3.0
175-2,151060044,20240,76.5,D,2.0
175-5,020040001,7745,100.0,D+,2.0
176-1,230040001,4804,147.25,C,3.0
176-4,260550001,6210,126.5999984741211,C-,3.0
176-A,080190001,9800,109.80000305175781,C-,3.0
177-3,090050001,16948,105.75,C-,3.0
177-5,260020001,31232,98.375,D+,3.0
177-8,090070001,25956,99.24637603759766,D+,2.7025735
177-9,211140001,12416,148.75,C,3.0
178-8,230050001,4620,90.80000305175781,D+,2.0
179-8,211140001,12572,130.25,C,3.0
180-5,310500001,5450,137.60000610351562,C,3.0
180-A,220140001,4630,149.60000610351562,C,3.0
181-0,270040034,1240,90.75,D+,2.0
182-1,050240100,7530,34.79999923706055,D,1.0
182-2,280030122,4224,90.33333587646484,D+,2.0
182-4,090100001,20845,86.19999694824219,D+,2.0
182-6,190390001,7580,187.25,C+,4.0
182-8,250120001,6965,134.0,C,3.0
183-3,220140001,5580,109.0,C-,2.0
183-A,020040001,9085,90.5999984741211,D+,2.0
184-0,100070001,9830,73.18717956542969,D,2.0
184-3,310500001,5640,84.4000015258789,D+,2.0
184-6,100050001,5668,107.8122787475586,C-,2.0
184-7,190260001,12525,141.39999389648438,C,3.0
184-A,250060001,6160,180.5,C+,4.0
185-1,280220001,11715,113.4000015258789,C-,2.0
185-6,301930001,11580,91.19999694824219,D+,3.0
185-7,320100001,4575,78.80000305175781,D,2.0
185-8,280270001,14905,131.63877868652344,C,4.0
185-9,050350001,5740,71.5,D,2.0
186-3,190060001,20202,111.96138763427734,C-,2.602168
186-6,280220001,7488,102.0,D+,2.0
186-8,040020001,3780,105.2724838256836,C-,2.0
187-5,110170001,6562,180.0,C+,4.0
187-8,020040001,18745,89.51277923583984,D+,2.0
188-0,150580001,27015,184.3333282470703,C+,4.0
188-1,090100001,20709,161.01956176757812,C+,3.6088657
188-4,120010001,9055,79.4000015258789,D,2.0
188-8,260300001,8775,174.1999969482422,C+,4.0
188-A,300390001,8778,131.0,C,4.0
189-0,090070001,32091,89.3540267944336,D+,2.4629335
189-2,250060001,6700,139.39999389648438,C,4.0
189-5,130510141,8520,126.19999694824219,C-,4.0
189-7,020040001,6180,120.75,C-,3.0
189-9,230040001,4135,83.0,D+,2.0
190-0,150570001,20590,92.4000015258789,D+,2.0
190-4,040020001,2610,105.5999984741211,C-,2.0
190-7,301930001,7172,76.5,D,2.0
190-8,320100001,11130,78.83072662353516,D,2.0
190-9,050020001,27644,111.59846496582031,C-,3.4427001
190-A,270040001,1395,65.80000305175781,D,2.0
191-0,071010001,13970,74.80000305175781,D,2.0
191-1,301930001,11700,127.80000305175781,C-,3.0
191-2,140390001,13220,84.5,D+,3.0
191-3,090100001,21300,118.0,C-,3.0
191-8,010010982,8167,110.53410339355469,C-,2.5981388
192-9,270040001,1445,95.4000015258789,D+,2.0
193-3,050350001,6245,99.0,D+,3.0
193-6,110200001,21560,113.19930267333984,C-,2.5554266
193-7,010012408,9342,114.80025482177734,C-,2.8289444
193-8,040020001,15980,101.0419921875,D+,2.5245306
194-1,050300001,7035,134.39999389648438,C,3.0
194-6,320100001,3932,91.75,D+,3.0
195-0,240280001,7912,162.00796508789062,C+,3.870197
195-7,040020001,1944,109.25,C-,4.0
195-A,280030001,11100,70.19999694824219,D,3.0
196-A,190260001,11395,98.0,D+,2.0
197-0,090050001,13210,115.5999984741211,C-,3.0
197-2,190390001,8410,76.80000305175781,D,2.0
197-3,140970822,30912,92.5625,D+,2.0
197-5,220140001,4780,116.19999694824219,C-,3.0
197-6,040020001,2148,149.25,C,4.0
198-2,100070001,2792,70.25,D,2.0
198-6,270040176,7410,98.15789794921875,D+,2.0
198-8,120010697,28800,63.6875,D,1.0
198-9,130480001,8090,78.80000305175781,D,2.0
199-1,150570001,29945,93.5999984741211,D+,2.0
199-8,030030001,1924,142.75,C,4.0
199-A,150330001,29965,101.5999984741211,D+,3.0
200-4,280320001,6295,119.19999694824219,C-,3.0
201-0,150570001,27045,116.0,C-,3.0
201-6,100070001,3405,98.4000015258789,D+,3.0
201-7,030030001,3940,113.82233428955078,C-,3.0
202-2,140390001,20302,125.24322509765625,C-,3.0
202-3,320170001,2948,114.0,C-,2.0
202-5,260180001,6256,113.5,C-,3.0
203-0,100050001,8540,156.48150634765625,C+,3.5386417
203-2,220140001,5095,131.1999969482422,C,3.0
203-5,100070001,3452,144.25,C,4.0
203-8,230050001,3168,111.75,C-,2.0
204-2,180170001,38640,81.11061096191406,D+,2.1322982
204-6,190260001,10005,160.0,C+,3.0
204-8,260290001,17476,149.87342834472656,C,2.685626
205-2,040020001,13448,104.1204605102539,D+,2.8649614
205-5,030030001,1725,112.19999694824219,C-,3.0
205-6,280410001,11452,138.5,C,4.0
205-7,310500117,14518,57.117645263671875,D,1.0
205-A,230040001,4255,87.80000305175781,D+,2.0
206-1,050180001,34385,96.18196868896484,D+,2.0
206-5,151040001,20824,115.75,C-,2.0
206-7,260290001,6024,72.75,D,2.0
207-3,100070001,3720,96.5999984741211,D+,2.0
207-4,030030001,1875,113.5999984741211,C-,3.0
207-6,280320001,8055,70.0,D,2.0
208-2,150570001,21640,90.5,D+,2.0
208-4,250120001,3950,105.4000015258789,C-,3.0
208-5,010010001,2082,160.6666717529297,C+,4.0
208-8,160530001,9480,167.39999389648438,C+,3.0
209-0,040020001,8347,78.90092468261719,D,1.3586917
209-2,100070001,5020,79.07330322265625,D,2.9227092
209-5,090100001,14435,103.80000305175781,D+,2.0
209-7,190390001,7389,145.3333282470703,C,3.0
209-8,100050001,4330,102.19999694824219,D+,3.0
209-A,010010001,2508,190.5,C+,4.0
210-1,130480001,39682,77.76750183105469,D,2.4224586
210-2,030080753,16940,89.22502899169922,D+,1.8807557
211-0,280030122,17919,91.68374633789062,D+,2.0
211-1,140390001,16470,132.19532775878906,C,3.0
211-7,050300001,5120,126.0,C-,3.0
212-1,010010001,1420,59.20000076293945,D,2.0
212-5,280030122,7065,88.0,D+,2.0
212-7,090050001,21410,140.28500366210938,C,3.176086
212-8,050350001,6135,141.39999389648438,C,3.0
213-1,090100001,15548,99.0,D+,3.0
213-4,100050001,3925,75.4000015258789,D,2.0
213-6,220140001,3512,102.0,D+,3.0
214-0,151210001,30356,118.75,C-,4.0
214-1,260550001,7710,81.19999694824219,D+,2.0
214-3,141010009,12255,139.60000610351562,C,4.0
214-4,030030001,1745,135.1999969482422,C,3.0
214-8,260180001,7375,100.19999694824219,D+,2.0
214-A,190260001,7688,92.0,D+,2.0
215-0,150330001,35816,97.99552917480469,D+,2.104311
215-1,270040001,3765,143.49986267089844,C,4.0
215-5,220140001,6255,162.1999969482422,C+,4.0
215-8,160530001,7725,162.8000030517578,C+,3.0
215-9,030030001,1340,121.5,C-,3.0
215-A,200670001,10850,120.0,C-,2.0
216-3,301930001,11300,70.0,D,2.0
216-6,270040001,1700,88.0,D+,2.0
216-9,151040001,36020,90.4000015258789,D+,2.0
217-4,010010001,2488,60.5,D,2.0
217-9,140390001,7000,122.5,C-,2.0
218-1,100070001,2264,63.5,D,2.0
218-3,240280001,6468,193.3333282470703,AB,4.0
218-6,110070001,14110,108.5999984741211,C-,4.0
218-8,130480001,7525,158.1999969482422,C+,4.0
218-9,010010001,3060,90.0,D+,3.0
219-2,110200001,9808,82.0,D+,2.0
219-8,240280001,5184,133.25,C,3.0
220-5,030010001,20015,107.06065368652344,C-,2.4459155
220-6,010010001,2995,99.5999984741211,D+,2.0
220-7,040020001,2245,91.80000305175781,D+,2.0
220-9,100070001,3215,109.80000305175781,C-,2.0
221-1,040020001,6264,92.50910186767578,D+,2.0
221-5,320100001,3768,101.0,D+,3.0
221-A,250120001,13105,139.22999572753906,C,3.473865
222-0,150330001,33535,82.1847915649414,D+,2.0602355
222-1,270040001,2356,117.22325897216797,C-,4.0
222-5,220140001,4320,84.4000015258789,D+,3.0
223-0,040020001,1932,78.25,D,2.0
223-5,180170001,12210,121.81474304199219,C-,2.6683047
223-6,080190001,9996,200.1415557861328,AB,4.0
223-8,100050001,6049,121.00115966796875,C-,3.0
223-A,220140001,4995,122.0,C-,3.0
224-3,110200001,11405,121.0,C-,2.0
224-4,050300001,7230,119.19999694824219,C-,3.0
224-5,260290001,5756,125.25,C-,3.0
224-6,260300001,6280,84.19999694824219,D+,3.0
224-7,100070001,7445,117.62162780761719,C-,3.514439
224-9,080370001,8752,56.0,D,2.0
225-4,230050001,3400,122.25,C-,2.0
225-8,151040001,29855,85.0,D+,3.0
225-9,010010001,7275,199.2725830078125,AB,4.0
226-0,190390001,10224,187.25,C+,4.0
226-3,220140001,5005,120.0,C-,4.0
226-6,071010001,10556,106.25,C-,3.0
227-1,150250014,67746,103.28571319580078,D+,2.0
227-4,080190001,3854,157.0,C+,3.0
227-6,120010001,41219,109.9571304321289,C-,2.8823116
227-8,010010001,57240,124.06498718261719,C-,3.646838
227-9,211140001,9267,143.0,C,4.0
228-0,100050001,4010,139.60000610351562,C,3.0
228-8,310500001,7135,147.0,C,4.0
228-9,020040001,6424,102.75,D+,2.0
229-3,050350001,5736,211.6666717529297,AB,4.0
229-5,100050001,3108,104.75,D+,3.0
229-7,010010001,8330,131.13661193847656,C,3.0
230-0,040020087,4705,101.89202880859375,D+,2.0
230-1,250060001,16630,77.20848083496094,D,2.0
230-2,160530001,11920,113.19999694824219,C-,3.0
230-4,240280001,3044,132.5,C,3.0
230-8,120010001,8988,100.5,D+,3.0
230-A,010010001,6190,128.65977478027344,C,3.0
231-0,260480001,21505,99.11764526367188,D+,2.0
231-3,280220001,7230,87.80000305175781,D+,3.0
231-4,010010001,7028,110.35131072998047,C-,3.0
232-0,250060001,7090,81.80000305175781,D+,2.0
232-3,240280001,7680,103.19999694824219,D+,3.0
232-8,190260001,11270,97.4000015258789,D+,3.0
232-A,211140001,11256,144.25,C,4.0
233-1,120010001,8615,100.0,D+,2.0
233-2,280220001,11175,65.19999694824219,D,2.0
234-7,190260001,6796,158.25,C+,4.0
234-8,010010001,2416,96.75,D+,2.0
236-5,141200001,16004,136.25,C,4.0
238-1,230050001,7709,127.71046447753906,C-,2.9635491
238-9,100070001,15745,116.88650512695312,C-,2.602731
239-3,160530001,9820,106.80000305175781,C-,3.0
240-1,100050001,3580,112.0,C-,3.0
241-3,310500001,4108,144.5,C,3.0
241-A,020020001,7828,122.5,C-,4.0
242-1,250120001,6730,77.4000015258789,D,2.0
242-7,240280001,4671,145.0,C,3.0
242-8,230050001,4815,96.4000015258789,D+,4.0
243-1,320100001,3570,70.0,D,2.0
243-2,230050001,5180,150.8000030517578,C,4.0
243-5,040030614,9994,78.47368621826172,D,2.0
243-6,250120001,3255,111.80000305175781,C-,2.0
243-7,090070001,20395,126.19999694824219,C-,3.0
244-3,020020001,14631,157.16232299804688,C+,3.391019
244-7,150330001,19352,116.0,C-,2.0
245-1,140980001,17385,93.80000305175781,D+,3.0
246-1,211140001,11516,147.5,C,3.0
246-3,160530001,12325,70.80000305175781,D,2.0
246-8,190390001,10076,198.25,AB,4.0
247-3,141200001,18625,89.0,D+,2.0
247-5,010010001,8464,133.55836486816406,C,3.2915878
247-8,100070001,2905,87.0,D+,2.0
248-5,310500001,3940,149.75,C,3.0
248-A,010010001,1656,125.0,C-,3.0
249-0,270040264,3744,99.0625,D+,2.0
249-2,100050001,3210,95.5999984741211,D+,2.0
249-4,050300001,7125,118.19999694824219,C-,2.0
250-2,280270001,9008,90.75,D+,2.0
250-5,040030001,940,78.0,D,2.0
251-0,140670001,6618,96.33333587646484,D+,3.0
251-7,310500001,4724,161.75,C+,4.0
251-A,120010001,8060,73.4000015258789,D,1.0
252-5,190260001,6489,197.3333282470703,AB,4.0
253-5,240280001,12943,96.92899322509766,D+,2.5667157
253-9,040030001,482,109.0,C-,4.0
254-3,040030001,6080,111.23585510253906,C-,3.0
254-5,090070001,16320,65.80000305175781,D,2.0
254-6,211140001,22324,108.74771881103516,C-,3.0
254-8,071010001,14335,62.400001525878906,D,1.0
254-A,140390001,18360,130.4155731201172,C,2.738562
255-9,030010380,12018,83.97978210449219,D+,1.4909303
255-A,010010001,5245,119.89476013183594,C-,3.0
256-2,040030001,1664,141.5,C,2.0
256-A,250010001,7015,130.60000610351562,C,3.0
257-4,250010001,7620,118.80000305175781,C-,3.0
257-5,270040001,2440,84.80000305175781,D+,2.0
257-7,040030001,2946,101.37678527832031,D+,1.4806517
257-9,010010001,2212,110.75,C-,3.0
258-1,040030001,2205,103.80000305175781,D+,2.0
258-9,280270001,8985,104.5999984741211,D+,3.0
259-6,120010001,8448,99.0,D+,2.0
260-0,010010001,2168,118.75,C-,3.0
260-6,280270001,22407,107.32186126708984,C-,2.2201097
261-0,090050001,14705,81.19999694824219,D+,2.0
261-1,050350001,6585,95.0,D+,2.0
261-2,190390001,7062,125.33333587646484,C-,3.0
262-5,230050001,7270,109.56340789794922,C-,2.0
263-1,260180001,5424,112.5,C-,3.0
263-3,110200001,18660,65.77877807617188,D,1.6012862
263-4,050300001,7060,127.19999694824219,C-,3.0
263-6,260300001,7700,189.75,C+,4.0
263-9,140390001,11844,135.0,C,3.0
264-3,240280001,5568,116.0,C-,2.0
264-4,230050001,13015,122.36727142333984,C-,2.9920092
264-7,100050001,7085,125.47748565673828,C-,2.4573042
264-9,010010001,2448,106.5,C-,3.0
265-4,211140001,18090,130.8000030517578,C,3.0
265-7,301930061,16500,88.5999984741211,D+,2.0
266-6,040030001,2385,75.5999984741211,D,2.0
266-8,010010001,2300,129.25,C,2.0
267-0,100050001,19162,107.0754623413086,C-,3.0
267-2,050300001,7625,111.4000015258789,C-,2.0
267-8,230050001,5800,119.0,C-,3.0
267-9,050350001,6490,95.80000305175781,D+,2.0
268-2,230050001,11990,100.34495544433594,D+,2.0
269-1,010010001,7288,108.79802703857422,C-,2.406147
270-1,110070001,10880,153.0,C,4.0
270-2,040030001,4034,99.77367401123047,D+,2.0
270-4,010010001,2970,110.0,C-,3.0
270-6,260300001,7250,157.0,C+,3.0
270-A,050020001,5164,109.0,C-,3.0
271-2,301930087,23820,77.80000305175781,D,2.0
271-4,310500001,5690,112.5999984741211,C-,3.0
271-7,230040001,4015,99.80000305175781,D+,2.0
271-9,010010001,5121,117.12654113769531,C-,3.0
272-1,141200001,15212,163.25,C+,4.0
272-2,250120001,5230,118.0,C-,2.0
272-3,050300001,13365,116.20269012451172,C-,3.0
274-6,151060051,23375,72.5999984741211,D,2.0
275-1,080370001,12615,141.0,C,4.0
275-3,050350001,12508,90.99983978271484,D+,2.6664534
276-3,020020001,15649,157.70675659179688,C+,2.3848808
276-4,071010001,12490,107.0,C-,3.0
277-3,110070001,11655,100.4000015258789,D+,3.0
277-4,100050001,4845,77.4000015258789,D,3.0
277-8,260300001,6204,105.25,C-,2.0
278-6,250010001,4557,88.66666412353516,D+,3.0
278-9,100050001,2640,95.33333587646484,D+,3.0
279-1,050350001,3450,55.33333206176758,D,2.0
279-5,220140001,4200,114.5999984741211,C-,3.0
280-2,140390001,12596,110.5,C-,3.0
280-3,150330001,21848,121.75,C-,2.0
280-8,010010001,2965,112.19999694824219,C-,3.0
281-2,050300001,7460,155.75,C+,4.0
281-4,250061336,7194,107.0,C-,1.0
281-7,240280001,5840,108.5,C-,2.0
281-8,310500001,4344,108.25,C-,2.0
282-A,071010001,11725,71.19999694824219,D,2.0
285-7,020040001,7696,74.5,D,2.0
285-9,040030001,4318,103.7545166015625,D+,2.0
286-3,120010001,5292,110.5,C-,3.0
286-5,010010001,2140,94.75,D+,2.0
286-7,250061105,14388,78.91666412353516,D,1.0
286-9,030030684,5328,86.38888549804688,D+,2.0
287-1,250062707,2398,114.5,C-,1.0
287-A,050300001,7515,107.5999984741211,C-,2.0
288-0,030020066,6420,102.53333282470703,D+,3.0
288-A,250010001,6805,126.0,C-,3.0
289-2,301930001,7720,135.60000610351562,C,3.0
289-4,310500001,5385,100.80000305175781,D+,3.0
289-5,020040001,10405,117.5999984741211,C-,3.0
289-7,141200001,20316,170.25,C+,4.0
290-1,090070001,9303,118.33333587646484,C-,2.0
290-7,230050001,9240,100.23636627197266,D+,2.1818182
291-8,020020001,9385,160.1999969482422,C+,3.0
292-4,030030001,1545,85.4000015258789,D+,3.0
292-5,080370001,9905,113.4000015258789,C-,2.0
293-0,310500001,3165,138.0,C,3.0
293-1,080190001,11060,107.19999694824219,C-,4.0
293-7,260300001,9625,181.1999969482422,C+,4.0
294-9,110200001,12655,101.4000015258789,D+,2.0
294-A,090070001,23620,96.73751068115234,D+,2.1896698
295-2,040030001,7232,157.13827514648438,C+,4.0
295-4,050300001,7230,131.60000610351562,C,3.0
295-9,240280001,7500,103.80000305175781,D+,3.0
295-A,230050001,4530,106.4000015258789,C-,1.0
296-5,080190001,10480,155.5,C+,4.0
296-7,040030001,19040,156.03907775878906,C+,3.5079832
296-9,220140001,5270,99.80000305175781,D+,2.0
297-0,260180001,4989,161.6666717529297,C+,4.0
297-9,150330001,26325,84.80000305175781,D+,2.0
297-A,020040001,7448,144.5,C,3.0
298-8,220140001,5815,115.0,C-,2.0
298-9,260290001,8085,99.80000305175781,D+,2.0
299-8,280320001,8625,134.60000610351562,C,3.0
300-7,050300001,7595,91.5999984741211,D+,2.0
301-5,030030001,1660,150.39999389648438,C,3.0
302-0,140390001,18825,130.8000030517578,C,3.0
302-4,120010001,8540,52.25,D,2.0
302-A,030030001,1970,90.0,D+,3.0
303-3,160530001,10520,112.0,C-,2.0
303-9,120010001,32175,82.42144775390625,D+,2.0
303-A,250120001,4832,130.0,C,4.0
304-2,260180001,8240,78.0,D,2.0
304-3,141200001,17215,113.5999984741211,C-,3.0
304-4,280220001,8577,183.6666717529297,C+,4.0
304-9,030030001,1404,83.5,D+,2.0
305-5,050020001,5955,74.80000305175781,D,2.0
305-7,260180001,7345,117.80000305175781,C-,3.0
306-6,260300001,7305,123.4000015258789,C-,3.0
306-8,030030001,1400,80.0,D+,3.0
306-A,310500001,5505,90.0,D+,2.0
308-9,230050002,14207,138.30435180664062,C,2.0
309-1,030030001,1835,164.39999389648438,C+,4.0
309-3,090050001,17255,120.80000305175781,C-,2.0
310-7,030021517,16073,139.16026306152344,C,3.2332482
312-3,030030001,1660,111.19999694824219,C-,3.0
312-4,240280001,6352,108.25,C-,3.0
312-5,310500001,4228,103.25,D+,2.0
312-8,141200001,17540,106.0,C-,3.0
314-4,090050001,13660,95.25,D+,2.0
314-9,090070001,17725,86.5999984741211,D+,2.0
315-5,020020001,9030,68.80000305175781,D,2.0
316-1,030030001,3405,123.8995590209961,C-,2.5095448
316-3,250010001,6400,114.19999694824219,C-,4.0
316-7,280220001,5202,55.33333206176758,D,2.0
316-8,010010001,2592,113.0,C-,2.0
317-4,020020001,7395,92.19999694824219,D+,2.0
318-0,030030001,1920,113.19999694824219,C-,3.0
318-8,211140218,16755,85.5999984741211,D+,2.0
320-0,030020232,1580,60.599998474121094,D,1.0
320-4,010010001,2048,79.75,D,2.0
320-8,030030001,3062,92.78053283691406,D+,2.0
321-7,141200001,20680,174.60000610351562,C+,4.0
321-8,110200001,11550,101.19999694824219,D+,2.0
321-9,220140001,4700,127.80000305175781,C-,3.0
322-1,120010001,9195,92.19999694824219,D+,2.0
322-5,260300001,8145,78.4000015258789,D,2.0
322-6,160530086,10135,97.0,D+,2.0
322-9,230050001,3057,124.66666412353516,C-,4.0
323-3,230050001,18707,107.98877716064453,C-,3.7036405
323-4,050350001,5436,109.0,C-,3.0
324-8,250010001,4015,94.5999984741211,D+,2.0
325-1,240280001,6575,72.0,D,2.0
325-2,050020001,6955,103.80000305175781,D+,2.0
326-1,010010001,7706,105.42408752441406,C-,2.6997144
326-7,090050001,16655,79.26826477050781,D,1.7181027
326-A,100050242,15336,90.22222137451172,D+,2.0
327-4,141200001,14772,153.75,C,4.0
327-5,280220001,11295,131.1999969482422,C,4.0
327-6,010010001,2820,119.0,C-,3.0
327-A,030030001,3058,113.17560577392578,C-,3.0
328-A,110200001,15995,96.4000015258789,D+,3.0
329-7,260300001,7470,102.0,D+,3.0
330-3,230050001,5315,105.57892608642578,C-,2.0
330-8,010010001,5930,90.51534271240234,D+,2.0
330-9,260550001,5541,114.66666412353516,C-,2.0
331-2,010010001,2840,99.0,D+,2.0
331-4,250060001,8120,89.0,D+,3.0
332-7,010010001,14511,102.24732971191406,D+,2.0
333-8,080190001,5391,126.66666412353516,C-,3.0
334-1,230050001,13855,95.91122436523438,D+,2.0
334-6,220140001,3948,157.5,C+,4.0
334-A,030030001,1604,131.5,C,4.0
335-4,030030001,5750,150.8462677001953,C,4.0
335-8,190390001,10005,95.4000015258789,D+,2.0
336-0,310500001,4730,139.8000030517578,C,3.0
336-9,030030001,2065,117.19999694824219,C-,4.0
337-4,240280001,13945,143.6835479736328,C,3.0
337-5,150330001,30335,99.5999984741211,D+,2.0
337-8,120010001,6495,132.3333282470703,C,2.0
338-1,190390001,10850,84.80000305175781,D+,2.0
338-8,030030001,1740,102.80000305175781,D+,3.0
339-7,120010001,7895,58.20000076293945,D,1.0
341-1,150330001,22696,68.75,D,2.0
341-A,030030001,1745,88.5999984741211,D+,2.0
342-0,220140001,5315,142.60000610351562,C,4.0
342-6,230050001,8228,156.57850646972656,C+,4.0
343-3,120010001,6520,90.25,D+,2.0
344-2,160530001,6453,142.6666717529297,C,4.0
345-0,080190001,10940,108.5999984741211,C-,3.0
345-6,250060001,22195,110.40108489990234,C-,2.3597658
345-8,030030001,1755,120.80000305175781,C-,3.0
346-5,020040001,7900,126.0,C-,4.0
346-6,190390001,8900,169.0,C+,3.0
347-8,240280001,9256,153.5090789794922,C,4.0
348-1,030030001,1775,80.80000305175781,D+,2.0
349-8,280320001,5484,76.0,D,2.0
349-9,050350001,5232,72.25,D,2.0
350-1,050350001,5799,112.33333587646484,C-,3.0
350-5,010010001,2036,97.5,D+,2.0
350-6,211140001,6429,134.3333282470703,C,3.0
352-2,120010001,5460,71.33333587646484,D,2.0
352-9,080370001,12748,116.6656723022461,C-,3.0
353-4,150330001,30350,115.5999984741211,C-,2.0
354-7,151060001,29615,73.5999984741211,D,2.0
354-9,230050001,3960,93.5,D+,2.0
356-0,141200001,13876,102.75,D+,2.0
356-9,080190001,8465,136.1999969482422,C,3.0
357-2,150330001,34550,87.0,D+,2.0
357-6,110200001,5145,89.80000305175781,D+,2.0
359-2,020040001,7304,109.75,C-,3.0
360-5,020040001,7960,60.75,D,2.0
360-9,010010001,3595,147.60000610351562,C,4.0
361-1,120010001,10100,71.5999984741211,D,2.0
361-5,250060001,7505,135.1999969482422,C,3.0
362-2,240280001,5064,233.5,AB,4.0
362-3,280320001,7431,121.33333587646484,C-,4.0
363-0,100050001,3100,122.5,C-,3.0
363-4,250060001,7090,132.8000030517578,C,3.0
363-8,230050001,5290,166.8000030517578,C+,4.0
365-6,240280001,9808,155.25,C+,4.0
366-2,080190001,9750,113.0,C-,3.0
367-5,240280001,3543,101.33333587646484,D+,2.0
368-5,010010001,1413,106.0,C-,2.0
368-6,211140001,8164,75.25,D,2.0
368-8,160530001,10540,175.8000030517578,C+,4.0
370-8,280320001,8440,89.80000305175781,D+,2.0
371-0,030030001,2150,103.4000015258789,D+,4.0
371-6,280220001,7640,83.80000305175781,D+,2.0
373-6,010010001,2455,138.8000030517578,C,3.0
374-6,250010001,2940,166.0,C+,4.0
374-A,280220001,8640,95.19999694824219,D+,2.0
377-0,030020482,6960,84.93333435058594,D+,2.0
377-1,190390001,10675,112.5999984741211,C-,2.0
378-2,030030001,1780,78.75,D,4.0
380-0,240280001,6156,129.3333282470703,C,4.0
380-1,250010001,3628,91.5,D+,2.0
380-8,250060001,8740,122.5999984741211,C-,3.0
381-0,220140001,4735,98.0,D+,4.0
382-5,090070001,20235,110.19999694824219,C-,3.0
383-0,211140001,5631,129.0,C,2.0
383-4,080370001,9192,103.0,D+,2.0
383-5,230050001,4055,46.0,D,1.0
383-9,280220001,5388,83.25,D+,2.0
383-A,050300001,3969,103.0,D+,2.0
384-0,020040001,12595,140.02357482910156,C,3.0
384-4,010010001,1912,165.25,C+,4.0
385-5,080190001,23895,101.45164489746094,D+,2.0
386-0,190390001,10915,80.4000015258789,D+,2.0
386-8,240280001,9488,132.75,C,4.0
387-6,100050001,3590,91.5999984741211,D+,2.0
387-7,110200001,12428,100.75,D+,3.0
387-8,010010001,3375,111.80000305175781,C-,4.0
387-A,250060001,6915,104.5999984741211,D+,2.0
388-2,220140001,2640,116.5,C-,4.0
388-8,230050001,3935,100.80000305175781,D+,2.0
388-9,030020066,7786,99.17646789550781,D+,3.0
389-3,020040001,8695,147.0,C,3.0
389-9,250060001,5708,148.25,C,3.0
390-6,080190001,11140,87.19999694824219,D+,3.0
390-7,190390001,14420,67.4000015258789,D,1.0
390-A,010010001,3710,184.1999969482422,C+,4.0
391-3,110200001,27832,115.54556274414062,C-,3.0
391-A,280320001,16100,142.50390625,C,2.3326087
393-7,030030001,1795,134.1999969482422,C,4.0
393-8,080370001,5889,84.0,D+,2.0
395-9,050350001,5852,78.0,D,2.0
396-8,211140001,8037,84.66666412353516,D+,2.0
397-1,010010001,3040,94.80000305175781,D+,2.0
397-2,211140001,7083,137.6666717529297,C,3.0
397-7,310500001,3156,109.0,C-,4.0
398-0,080370001,10230,130.8000030517578,C,3.0
399-0,010010001,3000,86.4000015258789,D+,2.0
399-4,030030001,1790,113.0,C-,2.0
400-0,310500001,4904,82.75,D+,2.0
400-2,190390001,12080,71.0,D,2.0
400-6,211140001,12368,193.0,AB,4.0
401-3,030030001,1179,138.0,C,4.0
402-A,280320001,8970,87.80000305175781,D+,2.0
403-2,030030001,1744,130.0,C,4.0
403-A,211140001,13775,100.0,D+,2.0
404-0,190390001,10530,91.4000015258789,D+,2.0
404-7,030030001,1865,120.4000015258789,C-,4.0
404-8,140390001,14208,105.5,C-,3.0
406-0,141200001,16170,155.0,C+,3.0
406-2,050300001,3224,132.0,C,3.0
407-1,080370001,23125,65.7247543334961,D,2.0
408-5,030030001,1236,100.0,D+,2.0
409-0,080370001,12365,74.5999984741211,D,2.0
410-5,050350001,3036,117.5,C-,2.0
410-9,010010001,3240,115.19999694824219,C-,2.0
411-9,280320001,10860,102.5999984741211,D+,2.0
412-A,250060001,6945,150.1999969482422,C,3.0
413-A,190390001,9468,103.0,D+,3.0
414-2,310500001,5455,109.5999984741211,C-,3.0
414-9,250060001,7125,129.1999969482422,C,3.0
415-8,050350001,3906,115.0,C-,3.0
416-1,310500001,5205,92.19999694824219,D+,2.0
416-2,050350001,5565,92.4000015258789,D+,2.0
417-9,120010001,5748,109.5,C-,2.0
418-4,110200001,12940,86.19999694824219,D+,1.0
418-A,080370001,5613,86.0,D+,2.0
419-4,140390001,12381,90.66666412353516,D+,2.0
419-5,310500001,3306,148.0,C,3.0
419-6,050350001,6140,65.0,D,2.0
421-5,141200001,19925,159.39999389648438,C+,4.0
422-3,020020001,6912,83.0,D+,2.0
422-7,150330001,25350,107.80000305175781,C-,2.0
423-8,250060001,5592,123.0,C-,3.0
424-8,190390001,9584,202.75,AB,4.0
425-A,140390001,19950,108.0,C-,2.0
427-8,030030001,4839,112.05827331542969,C-,3.05683
428-3,080370001,8015,89.5999984741211,D+,3.0
428-5,020040001,8475,93.19999694824219,D+,2.0
429-3,090070001,15260,107.75,C-,2.0
429-5,020020001,9810,94.80000305175781,D+,3.0
430-0,080370001,7167,137.0,C,4.0
430-2,020040001,7955,96.5999984741211,D+,2.0
430-4,100050001,4035,105.5999984741211,C-,2.0
430-8,260301862,14686,77.64286041259766,D,1.0
431-2,260300280,3147,82.33333587646484,D+,1.0
431-6,310500001,4940,124.5999984741211,C-,3.0
432-0,230050001,3630,107.80000305175781,C-,2.0
434-0,020040001,16348,97.4456787109375,D+,2.5747492
434-8,030030001,1645,119.19999694824219,C-,3.0
435-4,280320001,11990,116.4000015258789,C-,2.0
435-9,090070001,21280,129.39999389648438,C,3.0
436-3,050300001,7445,125.19999694824219,C-,3.0
437-5,190390001,7467,142.3333282470703,C,3.0
437-6,100050001,3645,88.80000305175781,D+,2.0
438-0,141200001,11733,168.6666717529297,C+,4.0
440-7,190390001,9028,103.75,D+,3.0
442-9,090070001,11406,118.66666412353516,C-,3.0
443-4,211140001,12465,102.19999694824219,D+,2.0
444-8,050300001,7175,81.0,D+,2.0
446-0,030030001,1336,185.5,C+,4.0
446-1,140390001,12748,155.0,C+,4.0
446-5,120010001,15557,110.30224609375,C-,3.0
449-2,020020001,5577,135.3333282470703,C,3.0
450-9,150330001,25780,93.80000305175781,D+,3.0
454-0,110200001,10948,135.0,C,4.0
455-0,240280001,10132,138.5,C,4.0
455-4,141200001,16452,102.25,D+,2.0
456-6,150330001,21436,80.75,D+,2.0
457-0,310500001,5488,143.0,C,4.0
457-2,190390001,8328,140.0,C,3.0
457-3,100050001,3710,137.60000610351562,C,3.0
457-5,050300001,6320,105.5999984741211,C-,2.0
457-6,211140001,5864,184.5,C+,4.0
458-4,080370001,9875,100.19999694824219,D+,3.0
458-6,020040001,9525,125.19999694824219,C-,2.0
459-9,080370001,8128,82.5,D+,2.0
460-9,020020001,7664,153.75,C,4.0
461-7,150330001,35855,126.19999694824219,C-,4.0
461-8,020040001,9315,90.4000015258789,D+,2.0
463-0,050300001,4992,246.5,AB,4.0
463-9,120010001,2148,173.0,C+,3.0
464-A,140390001,13316,111.0,C-,3.0
465-4,080370001,9585,118.0,C-,3.0
465-A,050300001,5700,121.5,C-,3.0
466-1,190390001,14680,135.0,C,4.0
466-6,020020001,13410,186.60000610351562,C+,4.0
470-2,020020001,7400,123.0,C-,3.0
472-7,190390001,10650,79.0,D,2.0
473-4,090070001,53554,119.36639404296875,C-,3.0
474-9,050300001,6765,102.5999984741211,D+,3.0
475-A,020040001,4096,185.25,C+,4.0
476-6,100050150,16002,75.0,D,2.0
479-6,080370001,8885,125.4000015258789,C-,3.0
481-4,310500001,3195,130.0,C,4.0
481-7,100050001,4400,64.4000015258789,D,2.0
482-3,050300001,6470,97.5999984741211,D+,2.0
483-2,080370001,8108,101.5,D+,2.0
483-A,020020001,9010,103.5999984741211,D+,3.0
484-7,140390001,12720,105.25,C-,3.0
485-4,190390001,9512,177.0,C+,4.0
488-6,310500001,2064,99.0,D+,2.0
488-A,110200001,13692,137.5,C,4.0
489-4,110200001,8344,87.5,D+,2.0
490-1,030030001,876,105.33333587646484,C-,2.0
491-2,050300001,2432,265.0,AB,4.0
493-1,090070001,12068,88.5,D+,2.0
494-1,150330001,28869,130.0,C,4.0
496-7,260300001,6890,90.80000305175781,D+,3.0
500-3,090070001,15008,138.0,C,3.0
500-9,310500001,5868,146.0,C,4.0
502-3,211140001,11636,98.25,D+,3.0
502-7,140390001,12692,135.0,C,3.0
502-9,020040679,36035,104.88372039794922,D+,2.2486472
504-3,260300001,7540,158.25,C+,4.0
505-8,260300001,7410,95.80000305175781,D+,3.0
506-8,190390001,9230,100.80000305175781,D+,2.0
506-9,100050001,2277,103.33333587646484,D+,2.0
510-4,190390001,8950,93.4000015258789,D+,4.0
510-5,100050001,8255,75.72779846191406,D,2.0
512-0,140390001,12712,113.75,C-,3.0
512-1,310500001,5030,88.80000305175781,D+,2.0
512-8,260300001,8280,124.5,C-,4.0
514-4,110200001,8781,168.0,C+,4.0
514-A,140390001,13772,104.25,D+,3.0
515-4,140390001,16605,127.19999694824219,C-,3.0
516-9,080370001,10055,109.19999694824219,C-,3.0
520-7,080190001,8900,63.25,D,3.0
521-5,090070001,19005,82.4000015258789,D+,2.0
521-7,260300001,8005,104.80000305175781,D+,2.0
522-4,140390001,23248,181.25,C+,4.0
522-6,020040001,9320,102.5999984741211,D+,2.0
523-6,260300001,8190,77.19999694824219,D,2.0
528-9,020020001,7450,65.80000305175781,D,2.0
529-1,090070001,21830,76.0,D,2.0
529-3,020020001,9335,142.39999389648438,C,4.0
529-7,310500001,5910,93.0,D+,2.0
530-0,020040001,8215,84.19999694824219,D+,2.0
530-9,080370001,9730,102.19999694824219,D+,3.0
530-A,310500001,5672,126.0,C-,4.0
533-3,310500001,4860,116.5,C-,2.0
533-4,020040001,7935,114.0,C-,3.0
533-6,100050001,3020,98.0,D+,2.0
533-9,211140001,9192,147.0,C,3.0
534-2,050300001,6528,118.5,C-,4.0
535-7,050300001,7050,107.19999694824219,C-,3.0
537-2,080190001,7924,98.25,D+,3.0
538-7,020040001,8364,109.5,C-,2.0
539-6,211140001,14935,97.4000015258789,D+,3.0
540-9,211140001,9636,104.75,D+,2.0
540-A,260300001,7895,90.19999694824219,D+,2.0
541-7,140390001,12528,112.0,C-,3.0
546-0,310500001,1868,182.0,C+,4.0
547-0,211140001,7948,119.75,C-,2.0
549-0,260300001,5916,114.25,C-,3.0
550-6,140390001,15532,90.75,D+,2.0
551-2,080190001,11795,82.0,D+,2.0
552-5,080370001,10155,76.4000015258789,D,2.0
555-2,120010001,7344,67.0,D,2.0
555-3,110200001,11480,99.4000015258789,D+,2.0
556-5,020040001,6876,147.25,C,3.0
557-8,140390001,19035,98.80000305175781,D+,3.0
559-4,020020001,10120,81.80000305175781,D+,2.0
560-1,020040001,6693,171.0,C+,4.0
562-6,250060001,7165,97.4000015258789,D+,2.0
563-7,100050001,4625,153.60000610351562,C,4.0
565-2,140390001,13876,180.5,C+,4.0
567-5,120010001,5000,53.0,D,1.0
568-3,260300001,4368,180.5,C+,4.0
570-4,310500001,6175,110.0,C-,2.0
571-3,090070001,19650,96.19999694824219,D+,3.0
574-3,020040001,9250,106.5999984741211,C-,3.0
575-7,310500001,3705,148.3333282470703,C,2.0
577-7,020040001,7408,114.75,C-,3.0
578-0,310500001,6070,112.19999694824219,C-,2.0
584-0,090070001,11812,91.75,D+,2.0
584-2,020020001,17580,99.76575469970703,D+,2.5182025
584-6,310500001,3495,138.6666717529297,C,4.0
590-0,080370001,9525,95.80000305175781,D+,2.0
590-7,211140001,10315,90.5999984741211,D+,2.0
591-9,100050001,3872,115.25,C-,4.0
592-3,100050001,3665,86.0,D+,1.0
595-5,020040001,6452,105.0,C-,3.0
597-9,211140001,15335,153.8000030517578,C,4.0
599-3,080190001,9905,103.19999694824219,D+,3.0
601-4,100050001,6656,96.83894348144531,D+,2.0168269
601-8,260300001,13121,125.74315643310547,C-,3.0
604-1,260300001,14180,144.87107849121094,C,3.0
604-5,310500001,3855,85.5999984741211,D+,1.0
605-A,310500001,3048,76.25,D,1.0
610-6,211140001,6687,121.66666412353516,C-,2.0
617-9,250060312,47960,65.30000305175781,D,2.0
618-3,020020001,8740,114.0,C-,3.0
620-0,020020001,10350,122.0,C-,4.0
622-4,020040187,14555,51.79999923706055,D,2.0
623-3,211140218,10820,90.0,D+,2.0
630-4,250060001,6275,99.0,D+,2.0
634-7,080190001,9425,119.80000305175781,C-,3.0
634-9,120010001,3336,109.0,C-,4.0
635-6,211140001,10928,124.75,C-,4.0
636-1,260300001,7390,122.5999984741211,C-,3.0
636-5,310500001,5990,121.80000305175781,C-,4.0
641-5,080370001,10160,92.4000015258789,D+,4.0
641-7,080190001,9525,97.80000305175781,D+,3.0
643-6,020040001,10015,121.80000305175781,C-,4.0
646-5,020020001,7008,81.0,D+,2.0
647-3,310500001,3942,133.6666717529297,C,4.0
650-0,211140001,8600,96.5999984741211,D+,2.0
651-6,250060001,6835,90.19999694824219,D+,3.0
652-0,020020001,9360,113.80000305175781,C-,4.0
654-9,211140001,10840,85.5999984741211,D+,1.0
655-7,080370001,8820,115.5999984741211,C-,3.0
659-2,250060001,6175,112.5999984741211,C-,4.0
660-5,250060001,7550,134.1999969482422,C,4.0
660-8,080370001,11085,96.5999984741211,D+,2.0
663-9,260300001,7545,85.19999694824219,D+,2.0
665-0,080370001,8156,87.75,D+,2.0
665-8,250060001,5495,112.4000015258789,C-,4.0
666-2,020020001,6525,96.4000015258789,D+,3.0
668-6,020040001,8035,154.1999969482422,C,4.0
669-9,080370001,10585,77.5999984741211,D,2.0
671-3,250060001,6160,203.25,AB,4.0
671-6,080370001,9495,92.4000015258789,D+,2.0
671-A,141200001,12744,83.75,D+,2.0
672-2,080190001,6843,118.66666412353516,C-,4.0
672-4,141200001,14553,155.0,C+,2.0
683-2,141200001,13812,177.25,C+,4.0
685-8,080370001,8580,174.39999389648438,C+,4.0
686-2,020011025,35501,83.0157470703125,D+,1.9485649
688-1,080370001,9490,119.19999694824219,C-,4.0
688-5,100050001,5645,118.19999694824219,C-,3.0
696-6,080370001,13480,110.19999694824219,C-,4.0
697-8,260300001,6712,190.5,C+,4.0
698-7,080190001,11128,159.5,C+,4.0
705-7,080370001,7164,103.0,D+,3.0
706-3,020040001,9125,137.60000610351562,C,4.0
708-0,080370001,6540,68.80000305175781,D,3.0
711-4,020040001,9755,172.60000610351562,C+,4.0
721-3,250060001,6905,173.8000030517578,C+,4.0
722-2,020040001,7650,106.5999984741211,C-,3.0
723-2,020020001,19275,157.7377471923828,C+,3.69572
726-9,080370001,8365,99.4000015258789,D+,3.0
729-4,020040001,9930,131.0,C,4.0
730-2,020020001,5232,108.0,C-,2.0
730-5,080370001,7685,92.4000015258789,D+,2.0
745-3,080190001,5158,164.5,C+,4.0
746-3,250060001,7425,158.60000610351562,C+,3.0
747-8,250060001,6255,135.60000610351562,C,4.0
749-A,080370001,7160,79.19999694824219,D,2.0
750-A,250060001,7468,167.5,C+,1.0
755-7,020041599,7292,162.25,C+,4.0
756-7,020020001,8925,108.4000015258789,C-,3.0
771-1,260300001,7370,167.1999969482422,C+,4.0
782-2,020010001,8060,112.0,C-,3.0
784-1,020010001,8645,114.19999694824219,C-,3.0
796-6,020040001,5256,121.0,C-,2.0
798-3,080370001,7525,83.19999694824219,D+,2.0
800-2,080370001,3558,85.66666412353516,D+,2.0
803-8,020041883,32508,85.11111450195312,D+,2.0
810-8,080190001,9295,82.5999984741211,D+,2.0
825-4,020040381,31059,78.17646789550781,D,2.0
827-1,080370001,9460,88.5,D+,2.0
830-5,080190001,5620,134.60000610351562,C,3.0
960-2,020010001,6426,149.3333282470703,C,4.0
964-0,020010001,6828,134.75,C,3.0
972-5,020010001,6252,102.75,D+,2.0
994-1,020011561,45106,93.0526351928711,D+,2.0
